aligned_key,status,step4_config_id,deepseek_config_id,metric_deltas
"[""gb300"",""decode_smoke"",4096,1024,0,1000,""agg"",""vllm"",""SOL"",0]",paired,agg_patternA|tp=1|pp=1|dp=4|moe_tp=1|moe_ep=4|cp=1|bs=478|ctx_tokens=4096,agg_patternA|tp=1|pp=1|dp=4|moe_tp=1|moe_ep=4|cp=1|bs=727|ctx_tokens=4096,"{""ranking_metric_value"":{""absolute_delta"":389.0787794687558,""deepseek_value"":5686.8983915650015,""polarity"":""higher_is_better"",""relative_delta"":0.0684166926642914,""status"":""computed"",""step4_value"":6075.977171033757},""request_latency"":{""absolute_delta"":-50298.07099044505,""deepseek_value"":130777.96520913964,""polarity"":""lower_is_better"",""relative_delta"":-0.3846066186303523,""status"":""computed"",""step4_value"":80479.8942186946},""tpot"":{""absolute_delta"":-49.13443659867623,""deepseek_value"":127.42521278683706,""polarity"":""lower_is_better"",""relative_delta"":-0.38559430684154045,""status"":""computed"",""step4_value"":78.29077618816083},""ttft"":{""absolute_delta"":-33.54234999925444,""deepseek_value"":421.9725282053259,""polarity"":""lower_is_better"",""relative_delta"":-0.07948941638905271,""status"":""computed"",""step4_value"":388.43017820607145}}"
"[""gb300"",""decode_smoke"",4096,1024,0,1000,""disagg"",""vllm"",""SOL"",0]",paired,disagg_AA|p_tp=1|p_pp=1|p_dp=4|p_moe_tp=1|p_moe_ep=4|p_cp=1|p_bs=1|p_workers=10|d_tp=1|d_pp=1|d_dp=8|d_moe_tp=1|d_moe_ep=8|d_cp=1|d_bs=752|d_workers=3,disagg_AA|p_tp=1|p_pp=1|p_dp=4|p_moe_tp=1|p_moe_ep=4|p_cp=1|p_bs=2|p_workers=3|d_tp=1|d_pp=1|d_dp=4|d_moe_tp=1|d_moe_ep=4|d_cp=1|d_bs=1235|d_workers=1,"{""ranking_metric_value"":{""absolute_delta"":147.57888000000003,""deepseek_value"":5059.2384,""polarity"":""higher_is_better"",""relative_delta"":0.02917017707645483,""status"":""computed"",""step4_value"":5206.81728},""request_latency"":{""absolute_delta"":-5381.588000000003,""deepseek_value"":56501.415,""polarity"":""lower_is_better"",""relative_delta"":-0.09524695974428257,""status"":""computed"",""step4_value"":51119.827},""tpot"":{""absolute_delta"":-5.088000000000001,""deepseek_value"":54.964,""polarity"":""lower_is_better"",""relative_delta"":-0.0925696819736555,""status"":""computed"",""step4_value"":49.876},""ttft"":{""absolute_delta"":-176.564,""deepseek_value"":273.243,""polarity"":""lower_is_better"",""relative_delta"":-0.6461794080726679,""status"":""computed"",""step4_value"":96.679}}"
"[""gb300"",""decode_smoke"",4096,1024,0,200,""agg"",""vllm"",""SOL"",0]",paired,agg_patternA|tp=8|pp=1|dp=1|moe_tp=1|moe_ep=8|cp=1|bs=57|ctx_tokens=4096,agg_patternA|tp=8|pp=1|dp=1|moe_tp=1|moe_ep=8|cp=1|bs=158|ctx_tokens=4096,"{""ranking_metric_value"":{""absolute_delta"":-408.0039632597026,""deepseek_value"":940.3004636798224,""polarity"":""higher_is_better"",""relative_delta"":-0.43390807408835885,""status"":""computed"",""step4_value"":532.2965004201199},""request_latency"":{""absolute_delta"":-7793.753652007792,""deepseek_value"":21487.0148217641,""polarity"":""lower_is_better"",""relative_delta"":-0.3627192384171269,""status"":""computed"",""step4_value"":13693.261169756308},""tpot"":{""absolute_delta"":-7.618385815672005,""deepseek_value"":20.80852320695589,""polarity"":""lower_is_better"",""relative_delta"":-0.36611852460175187,""status"":""computed"",""step4_value"":13.190137391283885},""ttft"":{""absolute_delta"":-0.1449625753303394,""deepseek_value"":199.89558104822441,""polarity"":""lower_is_better"",""relative_delta"":-0.000725191495330592,""status"":""computed"",""step4_value"":199.75061847289408}}"
"[""gb300"",""decode_smoke"",4096,1024,0,200,""disagg"",""vllm"",""SOL"",0]",paired,disagg_AA|p_tp=1|p_pp=1|p_dp=4|p_moe_tp=1|p_moe_ep=4|p_cp=1|p_bs=1|p_workers=10|d_tp=1|d_pp=1|d_dp=8|d_moe_tp=1|d_moe_ep=8|d_cp=1|d_bs=752|d_workers=3,disagg_AA|p_tp=1|p_pp=1|p_dp=4|p_moe_tp=1|p_moe_ep=4|p_cp=1|p_bs=1|p_workers=6|d_tp=1|d_pp=1|d_dp=8|d_moe_tp=1|d_moe_ep=8|d_cp=1|d_bs=1021|d_workers=1,"{""ranking_metric_value"":{""absolute_delta"":152.59007999999994,""deepseek_value"":5054.2272,""polarity"":""higher_is_better"",""relative_delta"":0.030190585813000242,""status"":""computed"",""step4_value"":5206.81728},""request_latency"":{""absolute_delta"":4444.752999999997,""deepseek_value"":46675.074,""polarity"":""lower_is_better"",""relative_delta"":0.09522755121930812,""status"":""computed"",""step4_value"":51119.827},""tpot"":{""absolute_delta"":4.384,""deepseek_value"":45.492,""polarity"":""lower_is_better"",""relative_delta"":0.09636859227996132,""status"":""computed"",""step4_value"":49.876},""ttft"":{""absolute_delta"":-40.07900000000001,""deepseek_value"":136.758,""polarity"":""lower_is_better"",""relative_delta"":-0.29306512233288,""status"":""computed"",""step4_value"":96.679}}"
"[""gb300"",""decode_smoke"",4096,1024,0,2000,""agg"",""vllm"",""SOL"",0]",paired,agg_patternA|tp=1|pp=1|dp=4|moe_tp=1|moe_ep=4|cp=1|bs=478|ctx_tokens=4096,agg_patternA|tp=1|pp=1|dp=4|moe_tp=1|moe_ep=4|cp=1|bs=727|ctx_tokens=4096,"{""ranking_metric_value"":{""absolute_delta"":389.0787794687558,""deepseek_value"":5686.8983915650015,""polarity"":""higher_is_better"",""relative_delta"":0.0684166926642914,""status"":""computed"",""step4_value"":6075.977171033757},""request_latency"":{""absolute_delta"":-50298.07099044505,""deepseek_value"":130777.96520913964,""polarity"":""lower_is_better"",""relative_delta"":-0.3846066186303523,""status"":""computed"",""step4_value"":80479.8942186946},""tpot"":{""absolute_delta"":-49.13443659867623,""deepseek_value"":127.42521278683706,""polarity"":""lower_is_better"",""relative_delta"":-0.38559430684154045,""status"":""computed"",""step4_value"":78.29077618816083},""ttft"":{""absolute_delta"":-33.54234999925444,""deepseek_value"":421.9725282053259,""polarity"":""lower_is_better"",""relative_delta"":-0.07948941638905271,""status"":""computed"",""step4_value"":388.43017820607145}}"
"[""gb300"",""decode_smoke"",4096,1024,0,2000,""disagg"",""vllm"",""SOL"",0]",paired,disagg_AA|p_tp=1|p_pp=1|p_dp=4|p_moe_tp=1|p_moe_ep=4|p_cp=1|p_bs=1|p_workers=10|d_tp=1|d_pp=1|d_dp=8|d_moe_tp=1|d_moe_ep=8|d_cp=1|d_bs=752|d_workers=3,disagg_AA|p_tp=1|p_pp=1|p_dp=4|p_moe_tp=1|p_moe_ep=4|p_cp=1|p_bs=2|p_workers=3|d_tp=1|d_pp=1|d_dp=4|d_moe_tp=1|d_moe_ep=4|d_cp=1|d_bs=1235|d_workers=1,"{""ranking_metric_value"":{""absolute_delta"":147.57888000000003,""deepseek_value"":5059.2384,""polarity"":""higher_is_better"",""relative_delta"":0.02917017707645483,""status"":""computed"",""step4_value"":5206.81728},""request_latency"":{""absolute_delta"":-5381.588000000003,""deepseek_value"":56501.415,""polarity"":""lower_is_better"",""relative_delta"":-0.09524695974428257,""status"":""computed"",""step4_value"":51119.827},""tpot"":{""absolute_delta"":-5.088000000000001,""deepseek_value"":54.964,""polarity"":""lower_is_better"",""relative_delta"":-0.0925696819736555,""status"":""computed"",""step4_value"":49.876},""ttft"":{""absolute_delta"":-176.564,""deepseek_value"":273.243,""polarity"":""lower_is_better"",""relative_delta"":-0.6461794080726679,""status"":""computed"",""step4_value"":96.679}}"
"[""gb300"",""decode_smoke"",4096,1024,0,500,""agg"",""vllm"",""SOL"",0]",paired,agg_patternA|tp=1|pp=1|dp=4|moe_tp=1|moe_ep=4|cp=1|bs=478|ctx_tokens=4096,agg_patternA|tp=1|pp=1|dp=4|moe_tp=1|moe_ep=4|cp=1|bs=727|ctx_tokens=4096,"{""ranking_metric_value"":{""absolute_delta"":389.0787794687558,""deepseek_value"":5686.8983915650015,""polarity"":""higher_is_better"",""relative_delta"":0.0684166926642914,""status"":""computed"",""step4_value"":6075.977171033757},""request_latency"":{""absolute_delta"":-50298.07099044505,""deepseek_value"":130777.96520913964,""polarity"":""lower_is_better"",""relative_delta"":-0.3846066186303523,""status"":""computed"",""step4_value"":80479.8942186946},""tpot"":{""absolute_delta"":-49.13443659867623,""deepseek_value"":127.42521278683706,""polarity"":""lower_is_better"",""relative_delta"":-0.38559430684154045,""status"":""computed"",""step4_value"":78.29077618816083},""ttft"":{""absolute_delta"":-33.54234999925444,""deepseek_value"":421.9725282053259,""polarity"":""lower_is_better"",""relative_delta"":-0.07948941638905271,""status"":""computed"",""step4_value"":388.43017820607145}}"
"[""gb300"",""decode_smoke"",4096,1024,0,500,""disagg"",""vllm"",""SOL"",0]",paired,disagg_AA|p_tp=1|p_pp=1|p_dp=4|p_moe_tp=1|p_moe_ep=4|p_cp=1|p_bs=1|p_workers=10|d_tp=1|d_pp=1|d_dp=8|d_moe_tp=1|d_moe_ep=8|d_cp=1|d_bs=752|d_workers=3,disagg_AA|p_tp=1|p_pp=1|p_dp=4|p_moe_tp=1|p_moe_ep=4|p_cp=1|p_bs=2|p_workers=3|d_tp=1|d_pp=1|d_dp=4|d_moe_tp=1|d_moe_ep=4|d_cp=1|d_bs=1235|d_workers=1,"{""ranking_metric_value"":{""absolute_delta"":147.57888000000003,""deepseek_value"":5059.2384,""polarity"":""higher_is_better"",""relative_delta"":0.02917017707645483,""status"":""computed"",""step4_value"":5206.81728},""request_latency"":{""absolute_delta"":-5381.588000000003,""deepseek_value"":56501.415,""polarity"":""lower_is_better"",""relative_delta"":-0.09524695974428257,""status"":""computed"",""step4_value"":51119.827},""tpot"":{""absolute_delta"":-5.088000000000001,""deepseek_value"":54.964,""polarity"":""lower_is_better"",""relative_delta"":-0.0925696819736555,""status"":""computed"",""step4_value"":49.876},""ttft"":{""absolute_delta"":-176.564,""deepseek_value"":273.243,""polarity"":""lower_is_better"",""relative_delta"":-0.6461794080726679,""status"":""computed"",""step4_value"":96.679}}"
"[""gb300"",""decode_smoke"",4096,1024,0,5000,""agg"",""vllm"",""SOL"",0]",paired,agg_patternA|tp=1|pp=1|dp=4|moe_tp=1|moe_ep=4|cp=1|bs=478|ctx_tokens=4096,agg_patternA|tp=1|pp=1|dp=4|moe_tp=1|moe_ep=4|cp=1|bs=727|ctx_tokens=4096,"{""ranking_metric_value"":{""absolute_delta"":389.0787794687558,""deepseek_value"":5686.8983915650015,""polarity"":""higher_is_better"",""relative_delta"":0.0684166926642914,""status"":""computed"",""step4_value"":6075.977171033757},""request_latency"":{""absolute_delta"":-50298.07099044505,""deepseek_value"":130777.96520913964,""polarity"":""lower_is_better"",""relative_delta"":-0.3846066186303523,""status"":""computed"",""step4_value"":80479.8942186946},""tpot"":{""absolute_delta"":-49.13443659867623,""deepseek_value"":127.42521278683706,""polarity"":""lower_is_better"",""relative_delta"":-0.38559430684154045,""status"":""computed"",""step4_value"":78.29077618816083},""ttft"":{""absolute_delta"":-33.54234999925444,""deepseek_value"":421.9725282053259,""polarity"":""lower_is_better"",""relative_delta"":-0.07948941638905271,""status"":""computed"",""step4_value"":388.43017820607145}}"
"[""gb300"",""decode_smoke"",4096,1024,0,5000,""disagg"",""vllm"",""SOL"",0]",paired,disagg_AA|p_tp=1|p_pp=1|p_dp=4|p_moe_tp=1|p_moe_ep=4|p_cp=1|p_bs=1|p_workers=10|d_tp=1|d_pp=1|d_dp=8|d_moe_tp=1|d_moe_ep=8|d_cp=1|d_bs=752|d_workers=3,disagg_AA|p_tp=1|p_pp=1|p_dp=4|p_moe_tp=1|p_moe_ep=4|p_cp=1|p_bs=2|p_workers=3|d_tp=1|d_pp=1|d_dp=4|d_moe_tp=1|d_moe_ep=4|d_cp=1|d_bs=1235|d_workers=1,"{""ranking_metric_value"":{""absolute_delta"":147.57888000000003,""deepseek_value"":5059.2384,""polarity"":""higher_is_better"",""relative_delta"":0.02917017707645483,""status"":""computed"",""step4_value"":5206.81728},""request_latency"":{""absolute_delta"":-5381.588000000003,""deepseek_value"":56501.415,""polarity"":""lower_is_better"",""relative_delta"":-0.09524695974428257,""status"":""computed"",""step4_value"":51119.827},""tpot"":{""absolute_delta"":-5.088000000000001,""deepseek_value"":54.964,""polarity"":""lower_is_better"",""relative_delta"":-0.0925696819736555,""status"":""computed"",""step4_value"":49.876},""ttft"":{""absolute_delta"":-176.564,""deepseek_value"":273.243,""polarity"":""lower_is_better"",""relative_delta"":-0.6461794080726679,""status"":""computed"",""step4_value"":96.679}}"
"[""gb300"",""primary"",16384,1,0,1000,""agg"",""vllm"",""SOL"",0]",paired,agg_patternA|tp=2|pp=1|dp=2|moe_tp=1|moe_ep=4|cp=1|bs=156|ctx_tokens=16384,agg_patternA|tp=4|pp=1|dp=4|moe_tp=1|moe_ep=16|cp=1|bs=1996|ctx_tokens=16384,"{""ranking_metric_value"":{""absolute_delta"":-7562878.461186346,""deepseek_value"":8914346.540325223,""polarity"":""higher_is_better"",""relative_delta"":-0.8483940384160148,""status"":""computed"",""step4_value"":1351468.079138877},""request_latency"":{""absolute_delta"":28.472647909748503,""deepseek_value"":917.1301522794208,""polarity"":""lower_is_better"",""relative_delta"":0.03104537326461575,""status"":""computed"",""step4_value"":945.6028001891693},""tpot"":{""absolute_delta"":11.53995110113857,""deepseek_value"":409.7650761397104,""polarity"":""lower_is_better"",""relative_delta"":0.0281623588077672,""status"":""computed"",""step4_value"":421.305027240849},""ttft"":{""absolute_delta"":28.472647909748503,""deepseek_value"":917.1301522794208,""polarity"":""lower_is_better"",""relative_delta"":0.03104537326461575,""status"":""computed"",""step4_value"":945.6028001891693}}"
"[""gb300"",""primary"",16384,1,0,1000,""disagg"",""vllm"",""SOL"",0]",paired,disagg_AA|p_tp=1|p_pp=1|p_dp=4|p_moe_tp=1|p_moe_ep=4|p_cp=1|p_bs=1|p_workers=15|d_tp=1|d_pp=1|d_dp=4|d_moe_tp=1|d_moe_ep=4|d_cp=1|d_bs=1|d_workers=1,disagg_AA|p_tp=1|p_pp=1|p_dp=8|p_moe_tp=1|p_moe_ep=8|p_cp=1|p_bs=1|p_workers=7|d_tp=1|d_pp=1|d_dp=4|d_moe_tp=1|d_moe_ep=4|d_cp=1|d_bs=1|d_workers=2,"{""ranking_metric_value"":{""absolute_delta"":1964.8387510027715,""deepseek_value"":20449.880247806446,""polarity"":""higher_is_better"",""relative_delta"":0.09608069715780021,""status"":""computed"",""step4_value"":22414.718998809218},""request_latency"":{""absolute_delta"":-15.766999999999939,""deepseek_value"":701.031,""polarity"":""lower_is_better"",""relative_delta"":-0.02249115944943938,""status"":""computed"",""step4_value"":685.264},""tpot"":{""absolute_delta"":0.0,""deepseek_value"":0.0,""polarity"":""lower_is_better"",""relative_delta"":null,""status"":""zero_baseline_both_zero"",""step4_value"":0.0},""ttft"":{""absolute_delta"":-15.766999999999939,""deepseek_value"":701.031,""polarity"":""lower_is_better"",""relative_delta"":-0.02249115944943938,""status"":""computed"",""step4_value"":685.264}}"
"[""gb300"",""primary"",16384,1,0,200,""disagg"",""vllm"",""SOL"",0]",paired,disagg_AA|p_tp=8|p_pp=1|p_dp=1|p_moe_tp=1|p_moe_ep=8|p_cp=1|p_bs=1|p_workers=7|d_tp=1|d_pp=1|d_dp=4|d_moe_tp=1|d_moe_ep=4|d_cp=1|d_bs=1|d_workers=2,disagg_AA|p_tp=8|p_pp=1|p_dp=1|p_moe_tp=1|p_moe_ep=8|p_cp=1|p_bs=1|p_workers=7|d_tp=1|d_pp=1|d_dp=4|d_moe_tp=1|d_moe_ep=4|d_cp=1|d_bs=1|d_workers=2,"{""ranking_metric_value"":{""absolute_delta"":1409.1261974131394,""deepseek_value"":9215.736693237337,""polarity"":""higher_is_better"",""relative_delta"":0.15290434658871926,""status"":""computed"",""step4_value"":10624.862890650476},""request_latency"":{""absolute_delta"":-25.788999999999987,""deepseek_value"":194.45,""polarity"":""lower_is_better"",""relative_delta"":-0.13262535356132676,""status"":""computed"",""step4_value"":168.661},""tpot"":{""absolute_delta"":0.0,""deepseek_value"":0.0,""polarity"":""lower_is_better"",""relative_delta"":null,""status"":""zero_baseline_both_zero"",""step4_value"":0.0},""ttft"":{""absolute_delta"":-25.788999999999987,""deepseek_value"":194.45,""polarity"":""lower_is_better"",""relative_delta"":-0.13262535356132676,""status"":""computed"",""step4_value"":168.661}}"
"[""gb300"",""primary"",16384,1,0,2000,""agg"",""vllm"",""SOL"",0]",paired,agg_patternA|tp=1|pp=1|dp=8|moe_tp=1|moe_ep=8|cp=1|bs=229|ctx_tokens=16384,agg_patternA|tp=2|pp=1|dp=8|moe_tp=1|moe_ep=16|cp=1|bs=1633|ctx_tokens=16384,"{""ranking_metric_value"":{""absolute_delta"":-7602983.712690513,""deepseek_value"":9718746.339774225,""polarity"":""higher_is_better"",""relative_delta"":-0.7823008695653576,""status"":""computed"",""step4_value"":2115762.6270837123},""request_latency"":{""absolute_delta"":396.8583406727573,""deepseek_value"":1376.4672450861365,""polarity"":""lower_is_better"",""relative_delta"":0.2883165887815389,""status"":""computed"",""step4_value"":1773.3255857588938},""tpot"":{""absolute_delta"":182.6303815233665,""deepseek_value"":639.4336225430683,""polarity"":""lower_is_better"",""relative_delta"":0.2856127283345437,""status"":""computed"",""step4_value"":822.0640040664348},""ttft"":{""absolute_delta"":396.8583406727573,""deepseek_value"":1376.4672450861365,""polarity"":""lower_is_better"",""relative_delta"":0.2883165887815389,""status"":""computed"",""step4_value"":1773.3255857588938}}"
"[""gb300"",""primary"",16384,1,0,2000,""disagg"",""vllm"",""SOL"",0]",paired,disagg_AA|p_tp=1|p_pp=1|p_dp=4|p_moe_tp=1|p_moe_ep=4|p_cp=1|p_bs=2|p_workers=15|d_tp=1|d_pp=1|d_dp=4|d_moe_tp=1|d_moe_ep=4|d_cp=1|d_bs=1|d_workers=1,disagg_AA|p_tp=1|p_pp=1|p_dp=8|p_moe_tp=1|p_moe_ep=8|p_cp=1|p_bs=1|p_workers=7|d_tp=1|d_pp=1|d_dp=4|d_moe_tp=1|d_moe_ep=4|d_cp=1|d_bs=1|d_workers=2,"{""ranking_metric_value"":{""absolute_delta"":1967.0141512536793,""deepseek_value"":20449.880247806446,""polarity"":""higher_is_better"",""relative_delta"":0.09618707432111594,""status"":""computed"",""step4_value"":22416.894399060126},""request_latency"":{""absolute_delta"":669.364,""deepseek_value"":701.031,""polarity"":""lower_is_better"",""relative_delta"":0.9548279605324159,""status"":""computed"",""step4_value"":1370.395},""tpot"":{""absolute_delta"":0.0,""deepseek_value"":0.0,""polarity"":""lower_is_better"",""relative_delta"":null,""status"":""zero_baseline_both_zero"",""step4_value"":0.0},""ttft"":{""absolute_delta"":669.364,""deepseek_value"":701.031,""polarity"":""lower_is_better"",""relative_delta"":0.9548279605324159,""status"":""computed"",""step4_value"":1370.395}}"
"[""gb300"",""primary"",16384,1,0,500,""agg"",""vllm"",""SOL"",0]",paired,agg_patternA|tp=8|pp=1|dp=1|moe_tp=1|moe_ep=8|cp=1|bs=160|ctx_tokens=16384,agg_patternA|tp=8|pp=1|dp=1|moe_tp=1|moe_ep=8|cp=1|bs=484|ctx_tokens=16384,"{""ranking_metric_value"":{""absolute_delta"":-1326553.3732767806,""deepseek_value"":1982473.3251880198,""polarity"":""higher_is_better"",""relative_delta"":-0.6691405914129861,""status"":""computed"",""step4_value"":655919.9519112392},""request_latency"":{""absolute_delta"":-0.42449279323142264,""deepseek_value"":499.9976480924355,""polarity"":""lower_is_better"",""relative_delta"":-0.0008489895799528758,""status"":""computed"",""step4_value"":499.5731552992041},""tpot"":{""absolute_delta"":-13.957941773234268,""deepseek_value"":201.19882404621774,""polarity"":""lower_is_better"",""relative_delta"":-0.06937387352735205,""status"":""computed"",""step4_value"":187.24088227298347},""ttft"":{""absolute_delta"":-0.42449279323142264,""deepseek_value"":499.9976480924355,""polarity"":""lower_is_better"",""relative_delta"":-0.0008489895799528758,""status"":""computed"",""step4_value"":499.5731552992041}}"
"[""gb300"",""primary"",16384,1,0,500,""disagg"",""vllm"",""SOL"",0]",paired,disagg_AA|p_tp=2|p_pp=1|p_dp=2|p_moe_tp=1|p_moe_ep=4|p_cp=1|p_bs=1|p_workers=15|d_tp=1|d_pp=1|d_dp=4|d_moe_tp=1|d_moe_ep=4|d_cp=1|d_bs=1|d_workers=1,disagg_AA|p_tp=2|p_pp=1|p_dp=2|p_moe_tp=1|p_moe_ep=4|p_cp=1|p_bs=1|p_workers=15|d_tp=1|d_pp=1|d_dp=4|d_moe_tp=1|d_moe_ep=4|d_cp=1|d_bs=1|d_workers=1,"{""ranking_metric_value"":{""absolute_delta"":-1195.871270074509,""deepseek_value"":20312.57025425096,""polarity"":""higher_is_better"",""relative_delta"":-0.05887345890283089,""status"":""computed"",""step4_value"":19116.69898417645},""request_latency"":{""absolute_delta"":23.651999999999987,""deepseek_value"":378.091,""polarity"":""lower_is_better"",""relative_delta"":0.06255636870488847,""status"":""computed"",""step4_value"":401.743},""tpot"":{""absolute_delta"":0.0,""deepseek_value"":0.0,""polarity"":""lower_is_better"",""relative_delta"":null,""status"":""zero_baseline_both_zero"",""step4_value"":0.0},""ttft"":{""absolute_delta"":23.651999999999987,""deepseek_value"":378.091,""polarity"":""lower_is_better"",""relative_delta"":0.06255636870488847,""status"":""computed"",""step4_value"":401.743}}"
"[""gb300"",""primary"",16384,1,0,5000,""agg"",""vllm"",""SOL"",0]",paired,agg_patternA|tp=1|pp=1|dp=8|moe_tp=1|moe_ep=8|cp=1|bs=229|ctx_tokens=16384,agg_patternA|tp=2|pp=1|dp=8|moe_tp=1|moe_ep=16|cp=1|bs=1633|ctx_tokens=16384,"{""ranking_metric_value"":{""absolute_delta"":-7602983.712690513,""deepseek_value"":9718746.339774225,""polarity"":""higher_is_better"",""relative_delta"":-0.7823008695653576,""status"":""computed"",""step4_value"":2115762.6270837123},""request_latency"":{""absolute_delta"":396.8583406727573,""deepseek_value"":1376.4672450861365,""polarity"":""lower_is_better"",""relative_delta"":0.2883165887815389,""status"":""computed"",""step4_value"":1773.3255857588938},""tpot"":{""absolute_delta"":182.6303815233665,""deepseek_value"":639.4336225430683,""polarity"":""lower_is_better"",""relative_delta"":0.2856127283345437,""status"":""computed"",""step4_value"":822.0640040664348},""ttft"":{""absolute_delta"":396.8583406727573,""deepseek_value"":1376.4672450861365,""polarity"":""lower_is_better"",""relative_delta"":0.2883165887815389,""status"":""computed"",""step4_value"":1773.3255857588938}}"
"[""gb300"",""primary"",16384,1,0,5000,""disagg"",""vllm"",""SOL"",0]",paired,disagg_AA|p_tp=1|p_pp=1|p_dp=4|p_moe_tp=1|p_moe_ep=4|p_cp=1|p_bs=7|p_workers=15|d_tp=1|d_pp=1|d_dp=4|d_moe_tp=1|d_moe_ep=4|d_cp=1|d_bs=1|d_workers=1,disagg_AA|p_tp=1|p_pp=1|p_dp=8|p_moe_tp=1|p_moe_ep=8|p_cp=1|p_bs=1|p_workers=7|d_tp=1|d_pp=1|d_dp=4|d_moe_tp=1|d_moe_ep=4|d_cp=1|d_bs=1|d_workers=2,"{""ranking_metric_value"":{""absolute_delta"":1968.5542440559257,""deepseek_value"":20449.880247806446,""polarity"":""higher_is_better"",""relative_delta"":0.09626238492360278,""status"":""computed"",""step4_value"":22418.434491862372},""request_latency"":{""absolute_delta"":4095.022,""deepseek_value"":701.031,""polarity"":""lower_is_better"",""relative_delta"":5.841427839853017,""status"":""computed"",""step4_value"":4796.053},""tpot"":{""absolute_delta"":0.0,""deepseek_value"":0.0,""polarity"":""lower_is_better"",""relative_delta"":null,""status"":""zero_baseline_both_zero"",""step4_value"":0.0},""ttft"":{""absolute_delta"":4095.022,""deepseek_value"":701.031,""polarity"":""lower_is_better"",""relative_delta"":5.841427839853017,""status"":""computed"",""step4_value"":4796.053}}"
"[""gb300"",""primary"",4096,1,0,1000,""agg"",""vllm"",""SOL"",0]",paired,agg_patternA|tp=1|pp=1|dp=8|moe_tp=1|moe_ep=8|cp=1|bs=934|ctx_tokens=4096,agg_patternA|tp=1|pp=1|dp=8|moe_tp=1|moe_ep=8|cp=1|bs=2842|ctx_tokens=4096,"{""ranking_metric_value"":{""absolute_delta"":-9430674.292069603,""deepseek_value"":17173713.065674055,""polarity"":""higher_is_better"",""relative_delta"":-0.5491342644427404,""status"":""computed"",""step4_value"":7743038.773604454},""request_latency"":{""absolute_delta"":-183.75063379879794,""deepseek_value"":677.828490291194,""polarity"":""lower_is_better"",""relative_delta"":-0.27108720927304036,""status"":""computed"",""step4_value"":494.0778564923961},""tpot"":{""absolute_delta"":-116.67531689939898,""deepseek_value"":290.114245145597,""polarity"":""lower_is_better"",""relative_delta"":-0.40217024448711297,""status"":""computed"",""step4_value"":173.43892824619803},""ttft"":{""absolute_delta"":-183.75063379879794,""deepseek_value"":677.828490291194,""polarity"":""lower_is_better"",""relative_delta"":-0.27108720927304036,""status"":""computed"",""step4_value"":494.0778564923961}}"
"[""gb300"",""primary"",4096,1,0,1000,""disagg"",""vllm"",""SOL"",0]",paired,disagg_AA|p_tp=1|p_pp=1|p_dp=4|p_moe_tp=1|p_moe_ep=4|p_cp=1|p_bs=10|p_workers=15|d_tp=1|d_pp=1|d_dp=4|d_moe_tp=1|d_moe_ep=4|d_cp=1|d_bs=1|d_workers=1,disagg_AA|p_tp=1|p_pp=1|p_dp=4|p_moe_tp=1|p_moe_ep=4|p_cp=1|p_bs=2|p_workers=15|d_tp=1|d_pp=1|d_dp=4|d_moe_tp=1|d_moe_ep=4|d_cp=1|d_bs=1|d_workers=1,"{""ranking_metric_value"":{""absolute_delta"":12132.152964289678,""deepseek_value"":28106.84994675069,""polarity"":""higher_is_better"",""relative_delta"":0.43164399380487045,""status"":""computed"",""step4_value"":40239.00291104037},""request_latency"":{""absolute_delta"":681.0550000000001,""deepseek_value"":273.243,""polarity"":""lower_is_better"",""relative_delta"":2.4924883711568095,""status"":""computed"",""step4_value"":954.298},""tpot"":{""absolute_delta"":0.0,""deepseek_value"":0.0,""polarity"":""lower_is_better"",""relative_delta"":null,""status"":""zero_baseline_both_zero"",""step4_value"":0.0},""ttft"":{""absolute_delta"":681.0550000000001,""deepseek_value"":273.243,""polarity"":""lower_is_better"",""relative_delta"":2.4924883711568095,""status"":""computed"",""step4_value"":954.298}}"
"[""gb300"",""primary"",4096,1,0,200,""agg"",""vllm"",""SOL"",0]",paired,agg_patternA|tp=2|pp=1|dp=2|moe_tp=1|moe_ep=4|cp=1|bs=7|ctx_tokens=4096,agg_patternA|tp=8|pp=1|dp=1|moe_tp=1|moe_ep=8|cp=1|bs=158|ctx_tokens=4096,"{""ranking_metric_value"":{""absolute_delta"":-332467.6475689674,""deepseek_value"":404714.7927922588,""polarity"":""higher_is_better"",""relative_delta"":-0.8214862750016256,""status"":""computed"",""step4_value"":72247.14522329136},""request_latency"":{""absolute_delta"":-1.4539854432148331,""deepseek_value"":199.88397123285813,""polarity"":""lower_is_better"",""relative_delta"":-0.007274147267771605,""status"":""computed"",""step4_value"":198.4299857896433},""tpot"":{""absolute_delta"":17.596469412077646,""deepseek_value"":55.6886748036649,""polarity"":""lower_is_better"",""relative_delta"":0.31597931669438134,""status"":""computed"",""step4_value"":73.28514421574255},""ttft"":{""absolute_delta"":-1.4539854432148331,""deepseek_value"":199.88397123285813,""polarity"":""lower_is_better"",""relative_delta"":-0.007274147267771605,""status"":""computed"",""step4_value"":198.4299857896433}}"
"[""gb300"",""primary"",4096,1,0,200,""disagg"",""vllm"",""SOL"",0]",paired,disagg_AA|p_tp=1|p_pp=1|p_dp=4|p_moe_tp=1|p_moe_ep=4|p_cp=1|p_bs=2|p_workers=15|d_tp=1|d_pp=1|d_dp=4|d_moe_tp=1|d_moe_ep=4|d_cp=1|d_bs=1|d_workers=1,disagg_AA|p_tp=1|p_pp=1|p_dp=4|p_moe_tp=1|p_moe_ep=4|p_cp=1|p_bs=1|p_workers=15|d_tp=1|d_pp=1|d_dp=4|d_moe_tp=1|d_moe_ep=4|d_cp=1|d_bs=1|d_workers=1,"{""ranking_metric_value"":{""absolute_delta"":12137.576340641594,""deepseek_value"":28078.79612161628,""polarity"":""higher_is_better"",""relative_delta"":0.4322684023941311,""status"":""computed"",""step4_value"":40216.372462257874},""request_latency"":{""absolute_delta"":54.209,""deepseek_value"":136.758,""polarity"":""lower_is_better"",""relative_delta"":0.3963863174366399,""status"":""computed"",""step4_value"":190.967},""tpot"":{""absolute_delta"":0.0,""deepseek_value"":0.0,""polarity"":""lower_is_better"",""relative_delta"":null,""status"":""zero_baseline_both_zero"",""step4_value"":0.0},""ttft"":{""absolute_delta"":54.209,""deepseek_value"":136.758,""polarity"":""lower_is_better"",""relative_delta"":0.3963863174366399,""status"":""computed"",""step4_value"":190.967}}"
"[""gb300"",""primary"",4096,1,0,2000,""agg"",""vllm"",""SOL"",0]",paired,agg_patternA|tp=1|pp=1|dp=8|moe_tp=1|moe_ep=8|cp=1|bs=934|ctx_tokens=4096,agg_patternA|tp=1|pp=1|dp=8|moe_tp=1|moe_ep=8|cp=1|bs=2842|ctx_tokens=4096,"{""ranking_metric_value"":{""absolute_delta"":-9430674.292069603,""deepseek_value"":17173713.065674055,""polarity"":""higher_is_better"",""relative_delta"":-0.5491342644427404,""status"":""computed"",""step4_value"":7743038.773604454},""request_latency"":{""absolute_delta"":-183.75063379879794,""deepseek_value"":677.828490291194,""polarity"":""lower_is_better"",""relative_delta"":-0.27108720927304036,""status"":""computed"",""step4_value"":494.0778564923961},""tpot"":{""absolute_delta"":-116.67531689939898,""deepseek_value"":290.114245145597,""polarity"":""lower_is_better"",""relative_delta"":-0.40217024448711297,""status"":""computed"",""step4_value"":173.43892824619803},""ttft"":{""absolute_delta"":-183.75063379879794,""deepseek_value"":677.828490291194,""polarity"":""lower_is_better"",""relative_delta"":-0.27108720927304036,""status"":""computed"",""step4_value"":494.0778564923961}}"
"[""gb300"",""primary"",4096,1,0,2000,""disagg"",""vllm"",""SOL"",0]",paired,disagg_AA|p_tp=1|p_pp=1|p_dp=4|p_moe_tp=1|p_moe_ep=4|p_cp=1|p_bs=20|p_workers=15|d_tp=1|d_pp=1|d_dp=4|d_moe_tp=1|d_moe_ep=4|d_cp=1|d_bs=1|d_workers=1,disagg_AA|p_tp=1|p_pp=1|p_dp=4|p_moe_tp=1|p_moe_ep=4|p_cp=1|p_bs=2|p_workers=15|d_tp=1|d_pp=1|d_dp=4|d_moe_tp=1|d_moe_ep=4|d_cp=1|d_bs=1|d_workers=1,"{""ranking_metric_value"":{""absolute_delta"":12134.936117854144,""deepseek_value"":28106.84994675069,""polarity"":""higher_is_better"",""relative_delta"":0.43174301427745054,""status"":""computed"",""step4_value"":40241.786064604836},""request_latency"":{""absolute_delta"":1635.221,""deepseek_value"":273.243,""polarity"":""lower_is_better"",""relative_delta"":5.984493655830159,""status"":""computed"",""step4_value"":1908.464},""tpot"":{""absolute_delta"":0.0,""deepseek_value"":0.0,""polarity"":""lower_is_better"",""relative_delta"":null,""status"":""zero_baseline_both_zero"",""step4_value"":0.0},""ttft"":{""absolute_delta"":1635.221,""deepseek_value"":273.243,""polarity"":""lower_is_better"",""relative_delta"":5.984493655830159,""status"":""computed"",""step4_value"":1908.464}}"
"[""gb300"",""primary"",4096,1,0,500,""agg"",""vllm"",""SOL"",0]",paired,agg_patternA|tp=1|pp=1|dp=8|moe_tp=1|moe_ep=8|cp=1|bs=934|ctx_tokens=4096,agg_patternA|tp=1|pp=1|dp=4|moe_tp=1|moe_ep=4|cp=1|bs=797|ctx_tokens=4096,"{""ranking_metric_value"":{""absolute_delta"":94860.85351693258,""deepseek_value"":7648177.920087521,""polarity"":""higher_is_better"",""relative_delta"":0.012403065737760328,""status"":""computed"",""step4_value"":7743038.773604454},""request_latency"":{""absolute_delta"":67.24259793676839,""deepseek_value"":426.8352585556277,""polarity"":""lower_is_better"",""relative_delta"":0.15753758994585246,""status"":""computed"",""step4_value"":494.0778564923961},""tpot"":{""absolute_delta"":8.821298968384184,""deepseek_value"":164.61762927781385,""polarity"":""lower_is_better"",""relative_delta"":0.05358659948563033,""status"":""computed"",""step4_value"":173.43892824619803},""ttft"":{""absolute_delta"":67.24259793676839,""deepseek_value"":426.8352585556277,""polarity"":""lower_is_better"",""relative_delta"":0.15753758994585246,""status"":""computed"",""step4_value"":494.0778564923961}}"
"[""gb300"",""primary"",4096,1,0,500,""disagg"",""vllm"",""SOL"",0]",paired,disagg_AA|p_tp=1|p_pp=1|p_dp=4|p_moe_tp=1|p_moe_ep=4|p_cp=1|p_bs=5|p_workers=15|d_tp=1|d_pp=1|d_dp=4|d_moe_tp=1|d_moe_ep=4|d_cp=1|d_bs=1|d_workers=1,disagg_AA|p_tp=1|p_pp=1|p_dp=4|p_moe_tp=1|p_moe_ep=4|p_cp=1|p_bs=2|p_workers=15|d_tp=1|d_pp=1|d_dp=4|d_moe_tp=1|d_moe_ep=4|d_cp=1|d_bs=1|d_workers=1,"{""ranking_metric_value"":{""absolute_delta"":12126.587811911544,""deepseek_value"":28106.84994675069,""polarity"":""higher_is_better"",""relative_delta"":0.4314459939440295,""status"":""computed"",""step4_value"":40233.437758662236},""request_latency"":{""absolute_delta"":203.97199999999998,""deepseek_value"":273.243,""polarity"":""lower_is_better"",""relative_delta"":0.7464857288201344,""status"":""computed"",""step4_value"":477.215},""tpot"":{""absolute_delta"":0.0,""deepseek_value"":0.0,""polarity"":""lower_is_better"",""relative_delta"":null,""status"":""zero_baseline_both_zero"",""step4_value"":0.0},""ttft"":{""absolute_delta"":203.97199999999998,""deepseek_value"":273.243,""polarity"":""lower_is_better"",""relative_delta"":0.7464857288201344,""status"":""computed"",""step4_value"":477.215}}"
"[""gb300"",""primary"",4096,1,0,5000,""agg"",""vllm"",""SOL"",0]",paired,agg_patternA|tp=1|pp=1|dp=8|moe_tp=1|moe_ep=8|cp=1|bs=934|ctx_tokens=4096,agg_patternA|tp=1|pp=1|dp=8|moe_tp=1|moe_ep=8|cp=1|bs=2842|ctx_tokens=4096,"{""ranking_metric_value"":{""absolute_delta"":-9430674.292069603,""deepseek_value"":17173713.065674055,""polarity"":""higher_is_better"",""relative_delta"":-0.5491342644427404,""status"":""computed"",""step4_value"":7743038.773604454},""request_latency"":{""absolute_delta"":-183.75063379879794,""deepseek_value"":677.828490291194,""polarity"":""lower_is_better"",""relative_delta"":-0.27108720927304036,""status"":""computed"",""step4_value"":494.0778564923961},""tpot"":{""absolute_delta"":-116.67531689939898,""deepseek_value"":290.114245145597,""polarity"":""lower_is_better"",""relative_delta"":-0.40217024448711297,""status"":""computed"",""step4_value"":173.43892824619803},""ttft"":{""absolute_delta"":-183.75063379879794,""deepseek_value"":677.828490291194,""polarity"":""lower_is_better"",""relative_delta"":-0.27108720927304036,""status"":""computed"",""step4_value"":494.0778564923961}}"
"[""gb300"",""primary"",4096,1,0,5000,""disagg"",""vllm"",""SOL"",0]",paired,disagg_AA|p_tp=1|p_pp=1|p_dp=4|p_moe_tp=1|p_moe_ep=4|p_cp=1|p_bs=52|p_workers=15|d_tp=1|d_pp=1|d_dp=4|d_moe_tp=1|d_moe_ep=4|d_cp=1|d_bs=1|d_workers=1,disagg_AA|p_tp=1|p_pp=1|p_dp=4|p_moe_tp=1|p_moe_ep=4|p_cp=1|p_bs=2|p_workers=15|d_tp=1|d_pp=1|d_dp=4|d_moe_tp=1|d_moe_ep=4|d_cp=1|d_bs=1|d_workers=1,"{""ranking_metric_value"":{""absolute_delta"":12136.642530570018,""deepseek_value"":28106.84994675069,""polarity"":""higher_is_better"",""relative_delta"":0.43180372590892496,""status"":""computed"",""step4_value"":40243.49247732071},""request_latency"":{""absolute_delta"":4688.553,""deepseek_value"":273.243,""polarity"":""lower_is_better"",""relative_delta"":17.158913494581746,""status"":""computed"",""step4_value"":4961.796},""tpot"":{""absolute_delta"":0.0,""deepseek_value"":0.0,""polarity"":""lower_is_better"",""relative_delta"":null,""status"":""zero_baseline_both_zero"",""step4_value"":0.0},""ttft"":{""absolute_delta"":4688.553,""deepseek_value"":273.243,""polarity"":""lower_is_better"",""relative_delta"":17.158913494581746,""status"":""computed"",""step4_value"":4961.796}}"
"[""gb300"",""primary"",65536,1,0,1000,""agg"",""vllm"",""SOL"",0]",unpaired,,agg_patternA|tp=8|pp=1|dp=1|moe_tp=1|moe_ep=8|cp=1|bs=1|ctx_tokens=65536,{}
"[""gb300"",""primary"",65536,1,0,1000,""disagg"",""vllm"",""SOL"",0]",unpaired,,disagg_AA|p_tp=8|p_pp=1|p_dp=1|p_moe_tp=1|p_moe_ep=8|p_cp=1|p_bs=1|p_workers=7|d_tp=1|d_pp=1|d_dp=4|d_moe_tp=1|d_moe_ep=4|d_cp=1|d_bs=1|d_workers=2,{}
"[""gb300"",""primary"",65536,1,0,2000,""agg"",""vllm"",""SOL"",0]",paired,agg_patternA|tp=8|pp=1|dp=1|moe_tp=1|moe_ep=8|cp=1|bs=10|ctx_tokens=65536,agg_patternA|tp=8|pp=1|dp=1|moe_tp=1|moe_ep=8|cp=1|bs=205|ctx_tokens=65536,"{""ranking_metric_value"":{""absolute_delta"":-903382.4130700574,""deepseek_value"":946034.6902756813,""polarity"":""higher_is_better"",""relative_delta"":-0.9549146795101195,""status"":""computed"",""step4_value"":42652.277205623905},""request_latency"":{""absolute_delta"":145.49085274387426,""deepseek_value"":1775.1568914567206,""polarity"":""lower_is_better"",""relative_delta"":0.08195943324450734,""status"":""computed"",""step4_value"":1920.6477442005948},""tpot"":{""absolute_delta"":426.5947537248305,""deepseek_value"":856.9223225215032,""polarity"":""lower_is_better"",""relative_delta"":0.49782196415372965,""status"":""computed"",""step4_value"":1283.5170762463338},""ttft"":{""absolute_delta"":145.49085274387426,""deepseek_value"":1775.1568914567206,""polarity"":""lower_is_better"",""relative_delta"":0.08195943324450734,""status"":""computed"",""step4_value"":1920.6477442005948}}"
"[""gb300"",""primary"",65536,1,0,2000,""disagg"",""vllm"",""SOL"",0]",paired,disagg_AA|p_tp=8|p_pp=1|p_dp=1|p_moe_tp=1|p_moe_ep=8|p_cp=1|p_bs=1|p_workers=7|d_tp=1|d_pp=1|d_dp=4|d_moe_tp=1|d_moe_ep=4|d_cp=1|d_bs=1|d_workers=2,disagg_AA|p_tp=4|p_pp=1|p_dp=2|p_moe_tp=1|p_moe_ep=8|p_cp=1|p_bs=1|p_workers=7|d_tp=1|d_pp=1|d_dp=4|d_moe_tp=1|d_moe_ep=4|d_cp=1|d_bs=1|d_workers=2,"{""ranking_metric_value"":{""absolute_delta"":-5605.946880032665,""deepseek_value"":11209.133692532274,""polarity"":""higher_is_better"",""relative_delta"":-0.5001231168977356,""status"":""computed"",""step4_value"":5603.186812499609},""request_latency"":{""absolute_delta"":0.3149999999998272,""deepseek_value"":1278.957,""polarity"":""lower_is_better"",""relative_delta"":0.0002462944414861697,""status"":""computed"",""step4_value"":1279.272},""tpot"":{""absolute_delta"":0.0,""deepseek_value"":0.0,""polarity"":""lower_is_better"",""relative_delta"":null,""status"":""zero_baseline_both_zero"",""step4_value"":0.0},""ttft"":{""absolute_delta"":0.3149999999998272,""deepseek_value"":1278.957,""polarity"":""lower_is_better"",""relative_delta"":0.0002462944414861697,""status"":""computed"",""step4_value"":1279.272}}"
"[""gb300"",""primary"",65536,1,0,5000,""agg"",""vllm"",""SOL"",0]",paired,agg_patternA|tp=4|pp=1|dp=4|moe_tp=1|moe_ep=16|cp=1|bs=69|ctx_tokens=65536,agg_patternA|tp=8|pp=1|dp=2|moe_tp=1|moe_ep=16|cp=1|bs=358|ctx_tokens=65536,"{""ranking_metric_value"":{""absolute_delta"":-1017813.6642917569,""deepseek_value"":1259391.3052697089,""polarity"":""higher_is_better"",""relative_delta"":-0.8081790465226246,""status"":""computed"",""step4_value"":241577.64097795196},""request_latency"":{""absolute_delta"":2350.945153216433,""deepseek_value"":2328.693224836844,""polarity"":""lower_is_better"",""relative_delta"":1.0095555430583383,""status"":""computed"",""step4_value"":4679.638378053277},""tpot"":{""absolute_delta"":1464.3631248411878,""deepseek_value"":1115.546612418422,""polarity"":""lower_is_better"",""relative_delta"":1.312686631414314,""status"":""computed"",""step4_value"":2579.9097372596098},""ttft"":{""absolute_delta"":2350.945153216433,""deepseek_value"":2328.693224836844,""polarity"":""lower_is_better"",""relative_delta"":1.0095555430583383,""status"":""computed"",""step4_value"":4679.638378053277}}"
"[""gb300"",""primary"",65536,1,0,5000,""disagg"",""vllm"",""SOL"",0]",paired,disagg_AA|p_tp=2|p_pp=1|p_dp=2|p_moe_tp=1|p_moe_ep=4|p_cp=1|p_bs=1|p_workers=15|d_tp=1|d_pp=1|d_dp=4|d_moe_tp=1|d_moe_ep=4|d_cp=1|d_bs=1|d_workers=1,disagg_AA|p_tp=4|p_pp=1|p_dp=2|p_moe_tp=1|p_moe_ep=8|p_cp=1|p_bs=1|p_workers=7|d_tp=1|d_pp=1|d_dp=4|d_moe_tp=1|d_moe_ep=4|d_cp=1|d_bs=1|d_workers=2,"{""ranking_metric_value"":{""absolute_delta"":-3594.7959341913283,""deepseek_value"":11209.133692532274,""polarity"":""higher_is_better"",""relative_delta"":-0.3207023872492703,""status"":""computed"",""step4_value"":7614.337758340946},""request_latency"":{""absolute_delta"":2755.5370000000003,""deepseek_value"":1278.957,""polarity"":""lower_is_better"",""relative_delta"":2.154518877491581,""status"":""computed"",""step4_value"":4034.494},""tpot"":{""absolute_delta"":0.0,""deepseek_value"":0.0,""polarity"":""lower_is_better"",""relative_delta"":null,""status"":""zero_baseline_both_zero"",""step4_value"":0.0},""ttft"":{""absolute_delta"":2755.5370000000003,""deepseek_value"":1278.957,""polarity"":""lower_is_better"",""relative_delta"":2.154518877491581,""status"":""computed"",""step4_value"":4034.494}}"
"[""h100_sxm"",""decode_smoke"",4096,1024,0,1000,""agg"",""vllm"",""SOL"",0]",paired,agg_patternA|tp=8|pp=1|dp=2|moe_tp=1|moe_ep=16|cp=1|bs=152|ctx_tokens=4096,agg_patternA|tp=8|pp=1|dp=2|moe_tp=1|moe_ep=16|cp=1|bs=13|ctx_tokens=4096,"{""ranking_metric_value"":{""absolute_delta"":109.49597095711272,""deepseek_value"":90.89040550002517,""polarity"":""higher_is_better"",""relative_delta"":1.2047032946407352,""status"":""computed"",""step4_value"":200.38637645713789},""request_latency"":{""absolute_delta"":78707.72773789434,""deepseek_value"":18289.884293667714,""polarity"":""lower_is_better"",""relative_delta"":4.303347493846331,""status"":""computed"",""step4_value"":96997.61203156205},""tpot"":{""absolute_delta"":76.98419081973853,""deepseek_value"":16.90552351935205,""polarity"":""lower_is_better"",""relative_delta"":4.553789223481507,""status"":""computed"",""step4_value"":93.88971433909059},""ttft"":{""absolute_delta"":-47.09947069818338,""deepseek_value"":995.5337333705638,""polarity"":""lower_is_better"",""relative_delta"":-0.04731077322585484,""status"":""computed"",""step4_value"":948.4342626723804}}"
"[""h100_sxm"",""decode_smoke"",4096,1024,0,1000,""disagg"",""vllm"",""SOL"",0]",paired,disagg_AA|p_tp=4|p_pp=1|p_dp=2|p_moe_tp=1|p_moe_ep=8|p_cp=1|p_bs=1|p_workers=2|d_tp=1|d_pp=1|d_dp=16|d_moe_tp=1|d_moe_ep=16|d_cp=1|d_bs=106|d_workers=1,disagg_AA|p_tp=4|p_pp=1|p_dp=4|p_moe_tp=1|p_moe_ep=16|p_cp=1|p_bs=1|p_workers=3|d_tp=1|d_pp=1|d_dp=16|d_moe_tp=1|d_moe_ep=16|d_cp=1|d_bs=33|d_workers=1,"{""ranking_metric_value"":{""absolute_delta"":506.68928,""deepseek_value"":184.03199999999998,""polarity"":""higher_is_better"",""relative_delta"":2.753267257868197,""status"":""computed"",""step4_value"":690.72128},""request_latency"":{""absolute_delta"":30393.181999999993,""deepseek_value"":42019.57,""polarity"":""lower_is_better"",""relative_delta"":0.7233101623838605,""status"":""computed"",""step4_value"":72412.752},""tpot"":{""absolute_delta"":30.506,""deepseek_value"":40.157,""polarity"":""lower_is_better"",""relative_delta"":0.7596683019149838,""status"":""computed"",""step4_value"":70.663},""ttft"":{""absolute_delta"":-814.4559999999999,""deepseek_value"":938.959,""polarity"":""lower_is_better"",""relative_delta"":-0.8674031560483471,""status"":""computed"",""step4_value"":124.503}}"
"[""h100_sxm"",""decode_smoke"",4096,1024,0,200,""agg"",""vllm"",""SOL"",0]",unpaired,agg_patternA|tp=8|pp=1|dp=1|moe_tp=1|moe_ep=8|cp=1|bs=3|ctx_tokens=4096,,{}
"[""h100_sxm"",""decode_smoke"",4096,1024,0,200,""disagg"",""vllm"",""SOL"",0]",unpaired,disagg_AA|p_tp=4|p_pp=1|p_dp=2|p_moe_tp=1|p_moe_ep=8|p_cp=1|p_bs=1|p_workers=2|d_tp=1|d_pp=1|d_dp=16|d_moe_tp=1|d_moe_ep=16|d_cp=1|d_bs=106|d_workers=1,,{}
"[""h100_sxm"",""decode_smoke"",4096,1024,0,2000,""agg"",""vllm"",""SOL"",0]",paired,agg_patternA|tp=2|pp=1|dp=8|moe_tp=1|moe_ep=16|cp=1|bs=39|ctx_tokens=4096,agg_patternA|tp=4|pp=1|dp=4|moe_tp=1|moe_ep=16|cp=1|bs=182|ctx_tokens=4096,"{""ranking_metric_value"":{""absolute_delta"":74.50878488739392,""deepseek_value"":204.46675246225885,""polarity"":""higher_is_better"",""relative_delta"":0.3644053812668003,""status"":""computed"",""step4_value"":278.97553734965277},""request_latency"":{""absolute_delta"":-156141.98826522788,""deepseek_value"":227648.25791709928,""polarity"":""lower_is_better"",""relative_delta"":-0.685891426070516,""status"":""computed"",""step4_value"":71506.26965187142},""tpot"":{""absolute_delta"":-152.62800272728467,""deepseek_value"":220.57630377194744,""polarity"":""lower_is_better"",""relative_delta"":-0.6919510396959316,""status"":""computed"",""step4_value"":67.94830104466277},""ttft"":{""absolute_delta"":-3.5414752156525537,""deepseek_value"":1998.6991583970541,""polarity"":""lower_is_better"",""relative_delta"":-0.001771890081993529,""status"":""computed"",""step4_value"":1995.1576831814016}}"
"[""h100_sxm"",""decode_smoke"",4096,1024,0,2000,""disagg"",""vllm"",""SOL"",0]",paired,disagg_AA|p_tp=4|p_pp=1|p_dp=2|p_moe_tp=1|p_moe_ep=8|p_cp=1|p_bs=1|p_workers=2|d_tp=1|d_pp=1|d_dp=16|d_moe_tp=1|d_moe_ep=16|d_cp=1|d_bs=106|d_workers=1,disagg_AA|p_tp=4|p_pp=1|p_dp=4|p_moe_tp=1|p_moe_ep=16|p_cp=1|p_bs=2|p_workers=3|d_tp=1|d_pp=1|d_dp=16|d_moe_tp=1|d_moe_ep=16|d_cp=1|d_bs=33|d_workers=1,"{""ranking_metric_value"":{""absolute_delta"":506.64608,""deepseek_value"":184.07520000000002,""polarity"":""higher_is_better"",""relative_delta"":2.7523864159865092,""status"":""computed"",""step4_value"":690.72128},""request_latency"":{""absolute_delta"":29454.460999999996,""deepseek_value"":42958.291,""polarity"":""lower_is_better"",""relative_delta"":0.6856525321270345,""status"":""computed"",""step4_value"":72412.752},""tpot"":{""absolute_delta"":30.506,""deepseek_value"":40.157,""polarity"":""lower_is_better"",""relative_delta"":0.7596683019149838,""status"":""computed"",""step4_value"":70.663},""ttft"":{""absolute_delta"":-1753.1770000000001,""deepseek_value"":1877.68,""polarity"":""lower_is_better"",""relative_delta"":-0.9336931745558349,""status"":""computed"",""step4_value"":124.503}}"
"[""h100_sxm"",""decode_smoke"",4096,1024,0,500,""agg"",""vllm"",""SOL"",0]",unpaired,agg_patternA|tp=4|pp=1|dp=2|moe_tp=1|moe_ep=8|cp=1|bs=11|ctx_tokens=4096,,{}
"[""h100_sxm"",""decode_smoke"",4096,1024,0,500,""disagg"",""vllm"",""SOL"",0]",unpaired,disagg_AA|p_tp=4|p_pp=1|p_dp=2|p_moe_tp=1|p_moe_ep=8|p_cp=1|p_bs=1|p_workers=2|d_tp=1|d_pp=1|d_dp=16|d_moe_tp=1|d_moe_ep=16|d_cp=1|d_bs=106|d_workers=1,,{}
"[""h100_sxm"",""decode_smoke"",4096,1024,0,5000,""agg"",""vllm"",""SOL"",0]",paired,agg_patternA|tp=1|pp=1|dp=16|moe_tp=1|moe_ep=16|cp=1|bs=101|ctx_tokens=4096,agg_patternA|tp=4|pp=1|dp=4|moe_tp=1|moe_ep=16|cp=1|bs=250|ctx_tokens=4096,"{""ranking_metric_value"":{""absolute_delta"":172.96936938750756,""deepseek_value"":209.09369382095153,""polarity"":""higher_is_better"",""relative_delta"":0.8272337927877562,""status"":""computed"",""step4_value"":382.0630632084591},""request_latency"":{""absolute_delta"":-35349.558559651254,""deepseek_value"":305783.9709635153,""polarity"":""lower_is_better"",""relative_delta"":-0.11560304632144697,""status"":""computed"",""step4_value"":270434.41240386403},""tpot"":{""absolute_delta"":-36.26322376172175,""deepseek_value"":296.86746415446385,""polarity"":""lower_is_better"",""relative_delta"":-0.12215290707254312,""status"":""computed"",""step4_value"":260.6042403927421},""ttft"":{""absolute_delta"":1747.7193485901207,""deepseek_value"":2088.5551334987285,""polarity"":""lower_is_better"",""relative_delta"":0.8368078584846153,""status"":""computed"",""step4_value"":3836.2744820888493}}"
"[""h100_sxm"",""decode_smoke"",4096,1024,0,5000,""disagg"",""vllm"",""SOL"",0]",paired,disagg_AA|p_tp=4|p_pp=1|p_dp=2|p_moe_tp=1|p_moe_ep=8|p_cp=1|p_bs=1|p_workers=2|d_tp=1|d_pp=1|d_dp=16|d_moe_tp=1|d_moe_ep=16|d_cp=1|d_bs=106|d_workers=1,disagg_AA|p_tp=4|p_pp=1|p_dp=4|p_moe_tp=1|p_moe_ep=16|p_cp=1|p_bs=2|p_workers=3|d_tp=1|d_pp=1|d_dp=16|d_moe_tp=1|d_moe_ep=16|d_cp=1|d_bs=33|d_workers=1,"{""ranking_metric_value"":{""absolute_delta"":506.64608,""deepseek_value"":184.07520000000002,""polarity"":""higher_is_better"",""relative_delta"":2.7523864159865092,""status"":""computed"",""step4_value"":690.72128},""request_latency"":{""absolute_delta"":29454.460999999996,""deepseek_value"":42958.291,""polarity"":""lower_is_better"",""relative_delta"":0.6856525321270345,""status"":""computed"",""step4_value"":72412.752},""tpot"":{""absolute_delta"":30.506,""deepseek_value"":40.157,""polarity"":""lower_is_better"",""relative_delta"":0.7596683019149838,""status"":""computed"",""step4_value"":70.663},""ttft"":{""absolute_delta"":-1753.1770000000001,""deepseek_value"":1877.68,""polarity"":""lower_is_better"",""relative_delta"":-0.9336931745558349,""status"":""computed"",""step4_value"":124.503}}"
"[""h100_sxm"",""primary"",16384,1,0,1000,""agg"",""vllm"",""SOL"",0]",unpaired,agg_patternA|tp=8|pp=1|dp=1|moe_tp=1|moe_ep=8|cp=1|bs=3|ctx_tokens=16384,,{}
"[""h100_sxm"",""primary"",16384,1,0,1000,""disagg"",""vllm"",""SOL"",0]",unpaired,disagg_AA|p_tp=4|p_pp=1|p_dp=2|p_moe_tp=1|p_moe_ep=8|p_cp=1|p_bs=1|p_workers=7|d_tp=4|d_pp=1|d_dp=2|d_moe_tp=1|d_moe_ep=8|d_cp=1|d_bs=1|d_workers=1,,{}
"[""h100_sxm"",""primary"",16384,1,0,2000,""agg"",""vllm"",""SOL"",0]",unpaired,agg_patternA|tp=8|pp=1|dp=1|moe_tp=1|moe_ep=8|cp=1|bs=3|ctx_tokens=16384,,{}
"[""h100_sxm"",""primary"",16384,1,0,2000,""disagg"",""vllm"",""SOL"",0]",unpaired,disagg_AA|p_tp=4|p_pp=1|p_dp=2|p_moe_tp=1|p_moe_ep=8|p_cp=1|p_bs=1|p_workers=7|d_tp=4|d_pp=1|d_dp=2|d_moe_tp=1|d_moe_ep=8|d_cp=1|d_bs=1|d_workers=1,,{}
"[""h100_sxm"",""primary"",16384,1,0,500,""agg"",""vllm"",""SOL"",0]",unpaired,agg_patternA|tp=8|pp=1|dp=1|moe_tp=1|moe_ep=8|cp=1|bs=1|ctx_tokens=16384,,{}
"[""h100_sxm"",""primary"",16384,1,0,500,""disagg"",""vllm"",""SOL"",0]",unpaired,disagg_AA|p_tp=8|p_pp=1|p_dp=1|p_moe_tp=1|p_moe_ep=8|p_cp=1|p_bs=1|p_workers=7|d_tp=4|d_pp=1|d_dp=2|d_moe_tp=1|d_moe_ep=8|d_cp=1|d_bs=1|d_workers=1,,{}
"[""h100_sxm"",""primary"",16384,1,0,5000,""agg"",""vllm"",""SOL"",0]",paired,agg_patternA|tp=8|pp=1|dp=4|moe_tp=1|moe_ep=32|cp=1|bs=66|ctx_tokens=16384,agg_patternA|tp=8|pp=1|dp=4|moe_tp=1|moe_ep=32|cp=1|bs=6|ctx_tokens=16384,"{""ranking_metric_value"":{""absolute_delta"":25756.868409765306,""deepseek_value"":2463.76529592741,""polarity"":""higher_is_better"",""relative_delta"":10.454270320448648,""status"":""computed"",""step4_value"":28220.633705692715},""request_latency"":{""absolute_delta"":-197.80114634870733,""deepseek_value"":4987.488061590929,""polarity"":""lower_is_better"",""relative_delta"":-0.039659472645556956,""status"":""computed"",""step4_value"":4789.686915242221},""tpot"":{""absolute_delta"":-1065.9770021349877,""deepseek_value"":3720.6894516640036,""polarity"":""lower_is_better"",""relative_delta"":-0.28649985869104205,""status"":""computed"",""step4_value"":2654.712449529016},""ttft"":{""absolute_delta"":-197.80114634870733,""deepseek_value"":4987.488061590929,""polarity"":""lower_is_better"",""relative_delta"":-0.039659472645556956,""status"":""computed"",""step4_value"":4789.686915242221}}"
"[""h100_sxm"",""primary"",16384,1,0,5000,""disagg"",""vllm"",""SOL"",0]",paired,disagg_AA|p_tp=4|p_pp=1|p_dp=2|p_moe_tp=1|p_moe_ep=8|p_cp=1|p_bs=1|p_workers=7|d_tp=4|d_pp=1|d_dp=2|d_moe_tp=1|d_moe_ep=8|d_cp=1|d_bs=1|d_workers=1,disagg_AA|p_tp=8|p_pp=1|p_dp=4|p_moe_tp=1|p_moe_ep=32|p_cp=1|p_bs=1|p_workers=1|d_tp=1|d_pp=1|d_dp=16|d_moe_tp=1|d_moe_ep=16|d_cp=1|d_bs=1|d_workers=1,"{""ranking_metric_value"":{""absolute_delta"":5269.97261703625,""deepseek_value"":275.40540940331965,""polarity"":""higher_is_better"",""relative_delta"":19.135327183492596,""status"":""computed"",""step4_value"":5545.37802643957},""request_latency"":{""absolute_delta"":-3071.851,""deepseek_value"":3718.155,""polarity"":""lower_is_better"",""relative_delta"":-0.826176154571286,""status"":""computed"",""step4_value"":646.304},""tpot"":{""absolute_delta"":0.0,""deepseek_value"":0.0,""polarity"":""lower_is_better"",""relative_delta"":null,""status"":""zero_baseline_both_zero"",""step4_value"":0.0},""ttft"":{""absolute_delta"":-3071.851,""deepseek_value"":3718.155,""polarity"":""lower_is_better"",""relative_delta"":-0.826176154571286,""status"":""computed"",""step4_value"":646.304}}"
"[""h100_sxm"",""primary"",4096,1,0,1000,""agg"",""vllm"",""SOL"",0]",paired,agg_patternA|tp=8|pp=1|dp=2|moe_tp=1|moe_ep=16|cp=1|bs=191|ctx_tokens=4096,agg_patternA|tp=8|pp=1|dp=2|moe_tp=1|moe_ep=16|cp=1|bs=10|ctx_tokens=4096,"{""ranking_metric_value"":{""absolute_delta"":94623.6706784867,""deepseek_value"":5318.5408478988975,""polarity"":""higher_is_better"",""relative_delta"":17.791283997728062,""status"":""computed"",""step4_value"":99942.2115263856},""request_latency"":{""absolute_delta"":15.815398793882196,""deepseek_value"":962.6700530132562,""polarity"":""lower_is_better"",""relative_delta"":0.016428680568569026,""status"":""computed"",""step4_value"":978.4854518071384},""tpot"":{""absolute_delta"":-202.50184982653445,""deepseek_value"":631.41633414045,""polarity"":""lower_is_better"",""relative_delta"":-0.3207105025279417,""status"":""computed"",""step4_value"":428.9144843139155},""ttft"":{""absolute_delta"":15.815398793882196,""deepseek_value"":962.6700530132562,""polarity"":""lower_is_better"",""relative_delta"":0.016428680568569026,""status"":""computed"",""step4_value"":978.4854518071384}}"
"[""h100_sxm"",""primary"",4096,1,0,1000,""disagg"",""vllm"",""SOL"",0]",paired,disagg_AA|p_tp=4|p_pp=1|p_dp=2|p_moe_tp=1|p_moe_ep=8|p_cp=1|p_bs=4|p_workers=7|d_tp=4|d_pp=1|d_dp=2|d_moe_tp=1|d_moe_ep=8|d_cp=1|d_bs=1|d_workers=1,disagg_AA|p_tp=4|p_pp=1|p_dp=4|p_moe_tp=1|p_moe_ep=16|p_cp=1|p_bs=1|p_workers=3|d_tp=1|d_pp=1|d_dp=16|d_moe_tp=1|d_moe_ep=16|d_cp=1|d_bs=1|d_workers=1,"{""ranking_metric_value"":{""absolute_delta"":7067.158352754719,""deepseek_value"":817.9270873382118,""polarity"":""higher_is_better"",""relative_delta"":8.640328046541951,""status"":""computed"",""step4_value"":7885.085440092931},""request_latency"":{""absolute_delta"":-484.42999999999995,""deepseek_value"":938.959,""polarity"":""lower_is_better"",""relative_delta"":-0.5159224204677734,""status"":""computed"",""step4_value"":454.529},""tpot"":{""absolute_delta"":0.0,""deepseek_value"":0.0,""polarity"":""lower_is_better"",""relative_delta"":null,""status"":""zero_baseline_both_zero"",""step4_value"":0.0},""ttft"":{""absolute_delta"":-484.42999999999995,""deepseek_value"":938.959,""polarity"":""lower_is_better"",""relative_delta"":-0.5159224204677734,""status"":""computed"",""step4_value"":454.529}}"
"[""h100_sxm"",""primary"",4096,1,0,200,""agg"",""vllm"",""SOL"",0]",unpaired,agg_patternA|tp=8|pp=1|dp=1|moe_tp=1|moe_ep=8|cp=1|bs=3|ctx_tokens=4096,,{}
"[""h100_sxm"",""primary"",4096,1,0,200,""disagg"",""vllm"",""SOL"",0]",unpaired,disagg_AA|p_tp=4|p_pp=1|p_dp=2|p_moe_tp=1|p_moe_ep=8|p_cp=1|p_bs=1|p_workers=7|d_tp=4|d_pp=1|d_dp=2|d_moe_tp=1|d_moe_ep=8|d_cp=1|d_bs=1|d_workers=1,,{}
"[""h100_sxm"",""primary"",4096,1,0,2000,""agg"",""vllm"",""SOL"",0]",paired,agg_patternA|tp=4|pp=1|dp=4|moe_tp=1|moe_ep=16|cp=1|bs=182|ctx_tokens=4096,agg_patternA|tp=8|pp=1|dp=2|moe_tp=1|moe_ep=16|cp=1|bs=422|ctx_tokens=4096,"{""ranking_metric_value"":{""absolute_delta"":-16440.25640868381,""deepseek_value"":145221.50251240918,""polarity"":""higher_is_better"",""relative_delta"":-0.11320814152352535,""status"":""computed"",""step4_value"":128781.24610372537},""request_latency"":{""absolute_delta"":-40.65651069755836,""deepseek_value"":1487.8237469106018,""polarity"":""lower_is_better"",""relative_delta"":-0.027326160630235772,""status"":""computed"",""step4_value"":1447.1672362130435},""tpot"":{""absolute_delta"":-22.162273185638696,""deepseek_value"":695.111873455301,""polarity"":""lower_is_better"",""relative_delta"":-0.03188303067745517,""status"":""computed"",""step4_value"":672.9496002696623},""ttft"":{""absolute_delta"":-40.65651069755836,""deepseek_value"":1487.8237469106018,""polarity"":""lower_is_better"",""relative_delta"":-0.027326160630235772,""status"":""computed"",""step4_value"":1447.1672362130435}}"
"[""h100_sxm"",""primary"",4096,1,0,2000,""disagg"",""vllm"",""SOL"",0]",paired,disagg_AA|p_tp=4|p_pp=1|p_dp=2|p_moe_tp=1|p_moe_ep=8|p_cp=1|p_bs=4|p_workers=7|d_tp=4|d_pp=1|d_dp=2|d_moe_tp=1|d_moe_ep=8|d_cp=1|d_bs=1|d_workers=1,disagg_AA|p_tp=4|p_pp=1|p_dp=4|p_moe_tp=1|p_moe_ep=16|p_cp=1|p_bs=2|p_workers=3|d_tp=1|d_pp=1|d_dp=16|d_moe_tp=1|d_moe_ep=16|d_cp=1|d_bs=1|d_workers=1,"{""ranking_metric_value"":{""absolute_delta"":7067.054678727843,""deepseek_value"":818.0307613650888,""polarity"":""higher_is_better"",""relative_delta"":8.639106268980271,""status"":""computed"",""step4_value"":7885.085440092931},""request_latency"":{""absolute_delta"":-1423.151,""deepseek_value"":1877.68,""polarity"":""lower_is_better"",""relative_delta"":-0.7579305312939372,""status"":""computed"",""step4_value"":454.529},""tpot"":{""absolute_delta"":0.0,""deepseek_value"":0.0,""polarity"":""lower_is_better"",""relative_delta"":null,""status"":""zero_baseline_both_zero"",""step4_value"":0.0},""ttft"":{""absolute_delta"":-1423.151,""deepseek_value"":1877.68,""polarity"":""lower_is_better"",""relative_delta"":-0.7579305312939372,""status"":""computed"",""step4_value"":454.529}}"
"[""h100_sxm"",""primary"",4096,1,0,500,""agg"",""vllm"",""SOL"",0]",unpaired,agg_patternA|tp=4|pp=1|dp=2|moe_tp=1|moe_ep=8|cp=1|bs=9|ctx_tokens=4096,,{}
"[""h100_sxm"",""primary"",4096,1,0,500,""disagg"",""vllm"",""SOL"",0]",unpaired,disagg_AA|p_tp=4|p_pp=1|p_dp=2|p_moe_tp=1|p_moe_ep=8|p_cp=1|p_bs=4|p_workers=7|d_tp=4|d_pp=1|d_dp=2|d_moe_tp=1|d_moe_ep=8|d_cp=1|d_bs=1|d_workers=1,,{}
"[""h100_sxm"",""primary"",4096,1,0,5000,""agg"",""vllm"",""SOL"",0]",paired,agg_patternA|tp=2|pp=1|dp=8|moe_tp=1|moe_ep=16|cp=1|bs=163|ctx_tokens=4096,agg_patternA|tp=4|pp=1|dp=8|moe_tp=1|moe_ep=32|cp=1|bs=851|ctx_tokens=4096,"{""ranking_metric_value"":{""absolute_delta"":-90789.0581442182,""deepseek_value"":230889.40823872894,""polarity"":""higher_is_better"",""relative_delta"":-0.3932144780342047,""status"":""computed"",""step4_value"":140100.35009451074},""request_latency"":{""absolute_delta"":-1391.455956833895,""deepseek_value"":3774.205177480415,""polarity"":""lower_is_better"",""relative_delta"":-0.3686752286643843,""status"":""computed"",""step4_value"":2382.74922064652},""tpot"":{""absolute_delta"":-669.9759891139399,""deepseek_value"":1838.3025887402075,""polarity"":""lower_is_better"",""relative_delta"":-0.3644535960606332,""status"":""computed"",""step4_value"":1168.3265996262676},""ttft"":{""absolute_delta"":-1391.455956833895,""deepseek_value"":3774.205177480415,""polarity"":""lower_is_better"",""relative_delta"":-0.3686752286643843,""status"":""computed"",""step4_value"":2382.74922064652}}"
"[""h100_sxm"",""primary"",4096,1,0,5000,""disagg"",""vllm"",""SOL"",0]",paired,disagg_AA|p_tp=4|p_pp=1|p_dp=2|p_moe_tp=1|p_moe_ep=8|p_cp=1|p_bs=4|p_workers=7|d_tp=4|d_pp=1|d_dp=2|d_moe_tp=1|d_moe_ep=8|d_cp=1|d_bs=1|d_workers=1,disagg_AA|p_tp=4|p_pp=1|p_dp=4|p_moe_tp=1|p_moe_ep=16|p_cp=1|p_bs=2|p_workers=3|d_tp=1|d_pp=1|d_dp=16|d_moe_tp=1|d_moe_ep=16|d_cp=1|d_bs=1|d_workers=1,"{""ranking_metric_value"":{""absolute_delta"":7067.054678727843,""deepseek_value"":818.0307613650888,""polarity"":""higher_is_better"",""relative_delta"":8.639106268980271,""status"":""computed"",""step4_value"":7885.085440092931},""request_latency"":{""absolute_delta"":-1423.151,""deepseek_value"":1877.68,""polarity"":""lower_is_better"",""relative_delta"":-0.7579305312939372,""status"":""computed"",""step4_value"":454.529},""tpot"":{""absolute_delta"":0.0,""deepseek_value"":0.0,""polarity"":""lower_is_better"",""relative_delta"":null,""status"":""zero_baseline_both_zero"",""step4_value"":0.0},""ttft"":{""absolute_delta"":-1423.151,""deepseek_value"":1877.68,""polarity"":""lower_is_better"",""relative_delta"":-0.7579305312939372,""status"":""computed"",""step4_value"":454.529}}"
"[""h200_sxm"",""decode_smoke"",4096,1024,0,1000,""agg"",""vllm"",""SOL"",0]",paired,agg_patternA|tp=1|pp=1|dp=8|moe_tp=1|moe_ep=8|cp=1|bs=208|ctx_tokens=4096,agg_patternA|tp=2|pp=1|dp=4|moe_tp=1|moe_ep=8|cp=1|bs=323|ctx_tokens=4096,"{""ranking_metric_value"":{""absolute_delta"":955.5527146403408,""deepseek_value"":1310.911657779627,""polarity"":""higher_is_better"",""relative_delta"":0.7289222801319962,""status"":""computed"",""step4_value"":2266.4643724199677},""request_latency"":{""absolute_delta"":-32146.558727095296,""deepseek_value"":126030.23172425984,""polarity"":""lower_is_better"",""relative_delta"":-0.2550702183697353,""status"":""computed"",""step4_value"":93883.67299716454},""tpot"":{""absolute_delta"":-31.443177056977106,""deepseek_value"":122.49266142144401,""polarity"":""lower_is_better"",""relative_delta"":-0.2566943741127054,""status"":""computed"",""step4_value"":91.0494843644669},""ttft"":{""absolute_delta"":19.811402192277228,""deepseek_value"":720.2390901226229,""polarity"":""lower_is_better"",""relative_delta"":0.027506702238147444,""status"":""computed"",""step4_value"":740.0504923149001}}"
"[""h200_sxm"",""decode_smoke"",4096,1024,0,1000,""disagg"",""vllm"",""SOL"",0]",paired,disagg_AA|p_tp=1|p_pp=1|p_dp=8|p_moe_tp=1|p_moe_ep=8|p_cp=1|p_bs=1|p_workers=5|d_tp=1|d_pp=1|d_dp=8|d_moe_tp=1|d_moe_ep=8|d_cp=1|d_bs=213|d_workers=3,disagg_AA|p_tp=2|p_pp=1|p_dp=4|p_moe_tp=1|p_moe_ep=8|p_cp=1|p_bs=1|p_workers=3|d_tp=1|d_pp=1|d_dp=8|d_moe_tp=1|d_moe_ep=8|d_cp=1|d_bs=178|d_workers=1,"{""ranking_metric_value"":{""absolute_delta"":771.77856,""deepseek_value"":1200.0096,""polarity"":""higher_is_better"",""relative_delta"":0.6431436548507611,""status"":""computed"",""step4_value"":1971.78816},""request_latency"":{""absolute_delta"":4025.0869999999995,""deepseek_value"":34417.327,""polarity"":""lower_is_better"",""relative_delta"":0.11694943654398263,""status"":""computed"",""step4_value"":38442.414},""tpot"":{""absolute_delta"":3.942999999999998,""deepseek_value"":33.362,""polarity"":""lower_is_better"",""relative_delta"":0.11818835801210952,""status"":""computed"",""step4_value"":37.305},""ttft"":{""absolute_delta"":-8.601999999999975,""deepseek_value"":288.001,""polarity"":""lower_is_better"",""relative_delta"":-0.029867951847389336,""status"":""computed"",""step4_value"":279.399}}"
"[""h200_sxm"",""decode_smoke"",4096,1024,0,200,""agg"",""vllm"",""SOL"",0]",paired,agg_patternA|tp=8|pp=1|dp=1|moe_tp=1|moe_ep=8|cp=1|bs=5|ctx_tokens=4096,agg_patternA|tp=8|pp=1|dp=1|moe_tp=1|moe_ep=8|cp=1|bs=4|ctx_tokens=4096,"{""ranking_metric_value"":{""absolute_delta"":36.84943626795598,""deepseek_value"":161.38673657112642,""polarity"":""higher_is_better"",""relative_delta"":0.2283300167713329,""status"":""computed"",""step4_value"":198.2361728390824},""request_latency"":{""absolute_delta"":55.91409611433937,""deepseek_value"":3169.405434842358,""polarity"":""lower_is_better"",""relative_delta"":0.01764182502486321,""status"":""computed"",""step4_value"":3225.3195309566972},""tpot"":{""absolute_delta"":0.05433259126500323,""deepseek_value"":2.905931932348802,""polarity"":""lower_is_better"",""relative_delta"":0.018697131429739777,""status"":""computed"",""step4_value"":2.960264523613805},""ttft"":{""absolute_delta"":0.33185525024117624,""deepseek_value"":196.63706804953333,""polarity"":""lower_is_better"",""relative_delta"":0.0016876535717954314,""status"":""computed"",""step4_value"":196.9689232997745}}"
"[""h200_sxm"",""decode_smoke"",4096,1024,0,200,""disagg"",""vllm"",""SOL"",0]",paired,disagg_AA|p_tp=2|p_pp=1|p_dp=4|p_moe_tp=1|p_moe_ep=8|p_cp=1|p_bs=1|p_workers=5|d_tp=1|d_pp=1|d_dp=8|d_moe_tp=1|d_moe_ep=8|d_cp=1|d_bs=165|d_workers=3,disagg_AA|p_tp=4|p_pp=1|p_dp=2|p_moe_tp=1|p_moe_ep=8|p_cp=1|p_bs=1|p_workers=3|d_tp=1|d_pp=1|d_dp=8|d_moe_tp=1|d_moe_ep=8|d_cp=1|d_bs=135|d_workers=1,"{""ranking_metric_value"":{""absolute_delta"":711.0144,""deepseek_value"":976.6656,""polarity"":""higher_is_better"",""relative_delta"":0.728001887237556,""status"":""computed"",""step4_value"":1687.68},""request_latency"":{""absolute_delta"":1929.2360000000008,""deepseek_value"":31985.069,""polarity"":""lower_is_better"",""relative_delta"":0.06031676842716834,""status"":""computed"",""step4_value"":33914.305},""tpot"":{""absolute_delta"":1.8919999999999995,""deepseek_value"":31.093,""polarity"":""lower_is_better"",""relative_delta"":0.060849708937703,""status"":""computed"",""step4_value"":32.985},""ttft"":{""absolute_delta"":-6.280000000000001,""deepseek_value"":176.93,""polarity"":""lower_is_better"",""relative_delta"":-0.035494263267959084,""status"":""computed"",""step4_value"":170.65}}"
"[""h200_sxm"",""decode_smoke"",4096,1024,0,2000,""agg"",""vllm"",""SOL"",0]",paired,agg_patternA|tp=1|pp=1|dp=8|moe_tp=1|moe_ep=8|cp=1|bs=208|ctx_tokens=4096,agg_patternA|tp=2|pp=1|dp=4|moe_tp=1|moe_ep=8|cp=1|bs=323|ctx_tokens=4096,"{""ranking_metric_value"":{""absolute_delta"":955.5527146403408,""deepseek_value"":1310.911657779627,""polarity"":""higher_is_better"",""relative_delta"":0.7289222801319962,""status"":""computed"",""step4_value"":2266.4643724199677},""request_latency"":{""absolute_delta"":-32146.558727095296,""deepseek_value"":126030.23172425984,""polarity"":""lower_is_better"",""relative_delta"":-0.2550702183697353,""status"":""computed"",""step4_value"":93883.67299716454},""tpot"":{""absolute_delta"":-31.443177056977106,""deepseek_value"":122.49266142144401,""polarity"":""lower_is_better"",""relative_delta"":-0.2566943741127054,""status"":""computed"",""step4_value"":91.0494843644669},""ttft"":{""absolute_delta"":19.811402192277228,""deepseek_value"":720.2390901226229,""polarity"":""lower_is_better"",""relative_delta"":0.027506702238147444,""status"":""computed"",""step4_value"":740.0504923149001}}"
"[""h200_sxm"",""decode_smoke"",4096,1024,0,2000,""disagg"",""vllm"",""SOL"",0]",paired,disagg_AA|p_tp=1|p_pp=1|p_dp=8|p_moe_tp=1|p_moe_ep=8|p_cp=1|p_bs=1|p_workers=5|d_tp=1|d_pp=1|d_dp=8|d_moe_tp=1|d_moe_ep=8|d_cp=1|d_bs=213|d_workers=3,disagg_AA|p_tp=2|p_pp=1|p_dp=4|p_moe_tp=1|p_moe_ep=8|p_cp=1|p_bs=1|p_workers=3|d_tp=1|d_pp=1|d_dp=8|d_moe_tp=1|d_moe_ep=8|d_cp=1|d_bs=178|d_workers=1,"{""ranking_metric_value"":{""absolute_delta"":771.77856,""deepseek_value"":1200.0096,""polarity"":""higher_is_better"",""relative_delta"":0.6431436548507611,""status"":""computed"",""step4_value"":1971.78816},""request_latency"":{""absolute_delta"":4025.0869999999995,""deepseek_value"":34417.327,""polarity"":""lower_is_better"",""relative_delta"":0.11694943654398263,""status"":""computed"",""step4_value"":38442.414},""tpot"":{""absolute_delta"":3.942999999999998,""deepseek_value"":33.362,""polarity"":""lower_is_better"",""relative_delta"":0.11818835801210952,""status"":""computed"",""step4_value"":37.305},""ttft"":{""absolute_delta"":-8.601999999999975,""deepseek_value"":288.001,""polarity"":""lower_is_better"",""relative_delta"":-0.029867951847389336,""status"":""computed"",""step4_value"":279.399}}"
"[""h200_sxm"",""decode_smoke"",4096,1024,0,500,""agg"",""vllm"",""SOL"",0]",paired,agg_patternA|tp=2|pp=1|dp=4|moe_tp=1|moe_ep=8|cp=1|bs=169|ctx_tokens=4096,agg_patternA|tp=4|pp=1|dp=2|moe_tp=1|moe_ep=8|cp=1|bs=549|ctx_tokens=4096,"{""ranking_metric_value"":{""absolute_delta"":426.0429048300982,""deepseek_value"":1091.1324851403099,""polarity"":""higher_is_better"",""relative_delta"":0.3904593719206453,""status"":""computed"",""step4_value"":1517.175389970408},""request_latency"":{""absolute_delta"":-71703.23361265496,""deepseek_value"":128679.83669457422,""polarity"":""lower_is_better"",""relative_delta"":-0.557221981737861,""status"":""computed"",""step4_value"":56976.60308191925},""tpot"":{""absolute_delta"":-70.09082881949698,""deepseek_value"":125.29801942877575,""polarity"":""lower_is_better"",""relative_delta"":-0.5593929508146721,""status"":""computed"",""step4_value"":55.207190609278776},""ttft"":{""absolute_delta"":-0.3157303095630368,""deepseek_value"":499.962818936633,""polarity"":""lower_is_better"",""relative_delta"":-0.0006315075793727244,""status"":""computed"",""step4_value"":499.64708862707}}"
"[""h200_sxm"",""decode_smoke"",4096,1024,0,500,""disagg"",""vllm"",""SOL"",0]",paired,disagg_AA|p_tp=1|p_pp=1|p_dp=8|p_moe_tp=1|p_moe_ep=8|p_cp=1|p_bs=1|p_workers=5|d_tp=1|d_pp=1|d_dp=8|d_moe_tp=1|d_moe_ep=8|d_cp=1|d_bs=213|d_workers=3,disagg_AA|p_tp=2|p_pp=1|p_dp=4|p_moe_tp=1|p_moe_ep=8|p_cp=1|p_bs=1|p_workers=3|d_tp=1|d_pp=1|d_dp=8|d_moe_tp=1|d_moe_ep=8|d_cp=1|d_bs=178|d_workers=1,"{""ranking_metric_value"":{""absolute_delta"":771.77856,""deepseek_value"":1200.0096,""polarity"":""higher_is_better"",""relative_delta"":0.6431436548507611,""status"":""computed"",""step4_value"":1971.78816},""request_latency"":{""absolute_delta"":4025.0869999999995,""deepseek_value"":34417.327,""polarity"":""lower_is_better"",""relative_delta"":0.11694943654398263,""status"":""computed"",""step4_value"":38442.414},""tpot"":{""absolute_delta"":3.942999999999998,""deepseek_value"":33.362,""polarity"":""lower_is_better"",""relative_delta"":0.11818835801210952,""status"":""computed"",""step4_value"":37.305},""ttft"":{""absolute_delta"":-8.601999999999975,""deepseek_value"":288.001,""polarity"":""lower_is_better"",""relative_delta"":-0.029867951847389336,""status"":""computed"",""step4_value"":279.399}}"
"[""h200_sxm"",""decode_smoke"",4096,1024,0,5000,""agg"",""vllm"",""SOL"",0]",paired,agg_patternA|tp=1|pp=1|dp=8|moe_tp=1|moe_ep=8|cp=1|bs=208|ctx_tokens=4096,agg_patternA|tp=2|pp=1|dp=4|moe_tp=1|moe_ep=8|cp=1|bs=323|ctx_tokens=4096,"{""ranking_metric_value"":{""absolute_delta"":955.5527146403408,""deepseek_value"":1310.911657779627,""polarity"":""higher_is_better"",""relative_delta"":0.7289222801319962,""status"":""computed"",""step4_value"":2266.4643724199677},""request_latency"":{""absolute_delta"":-32146.558727095296,""deepseek_value"":126030.23172425984,""polarity"":""lower_is_better"",""relative_delta"":-0.2550702183697353,""status"":""computed"",""step4_value"":93883.67299716454},""tpot"":{""absolute_delta"":-31.443177056977106,""deepseek_value"":122.49266142144401,""polarity"":""lower_is_better"",""relative_delta"":-0.2566943741127054,""status"":""computed"",""step4_value"":91.0494843644669},""ttft"":{""absolute_delta"":19.811402192277228,""deepseek_value"":720.2390901226229,""polarity"":""lower_is_better"",""relative_delta"":0.027506702238147444,""status"":""computed"",""step4_value"":740.0504923149001}}"
"[""h200_sxm"",""decode_smoke"",4096,1024,0,5000,""disagg"",""vllm"",""SOL"",0]",paired,disagg_AA|p_tp=1|p_pp=1|p_dp=8|p_moe_tp=1|p_moe_ep=8|p_cp=1|p_bs=1|p_workers=5|d_tp=1|d_pp=1|d_dp=8|d_moe_tp=1|d_moe_ep=8|d_cp=1|d_bs=213|d_workers=3,disagg_AA|p_tp=2|p_pp=1|p_dp=4|p_moe_tp=1|p_moe_ep=8|p_cp=1|p_bs=1|p_workers=3|d_tp=1|d_pp=1|d_dp=8|d_moe_tp=1|d_moe_ep=8|d_cp=1|d_bs=178|d_workers=1,"{""ranking_metric_value"":{""absolute_delta"":771.77856,""deepseek_value"":1200.0096,""polarity"":""higher_is_better"",""relative_delta"":0.6431436548507611,""status"":""computed"",""step4_value"":1971.78816},""request_latency"":{""absolute_delta"":4025.0869999999995,""deepseek_value"":34417.327,""polarity"":""lower_is_better"",""relative_delta"":0.11694943654398263,""status"":""computed"",""step4_value"":38442.414},""tpot"":{""absolute_delta"":3.942999999999998,""deepseek_value"":33.362,""polarity"":""lower_is_better"",""relative_delta"":0.11818835801210952,""status"":""computed"",""step4_value"":37.305},""ttft"":{""absolute_delta"":-8.601999999999975,""deepseek_value"":288.001,""polarity"":""lower_is_better"",""relative_delta"":-0.029867951847389336,""status"":""computed"",""step4_value"":279.399}}"
"[""h200_sxm"",""primary"",16384,1,0,1000,""agg"",""vllm"",""SOL"",0]",paired,agg_patternA|tp=8|pp=1|dp=1|moe_tp=1|moe_ep=8|cp=1|bs=78|ctx_tokens=16384,agg_patternA|tp=8|pp=1|dp=1|moe_tp=1|moe_ep=8|cp=1|bs=117|ctx_tokens=16384,"{""ranking_metric_value"":{""absolute_delta"":-62736.42674834165,""deepseek_value"":256791.23016936288,""polarity"":""higher_is_better"",""relative_delta"":-0.24430907047318073,""status"":""computed"",""step4_value"":194054.80342102124},""request_latency"":{""absolute_delta"":-109.92584256323312,""deepseek_value"":933.1159784622115,""polarity"":""lower_is_better"",""relative_delta"":-0.11780512294344427,""status"":""computed"",""step4_value"":823.1901358989784},""tpot"":{""absolute_delta"":-65.80377222638742,""deepseek_value"":453.2003186516883,""polarity"":""lower_is_better"",""relative_delta"":-0.14519798313946372,""status"":""computed"",""step4_value"":387.39654642530087},""ttft"":{""absolute_delta"":-109.92584256323312,""deepseek_value"":933.1159784622115,""polarity"":""lower_is_better"",""relative_delta"":-0.11780512294344427,""status"":""computed"",""step4_value"":823.1901358989784}}"
"[""h200_sxm"",""primary"",16384,1,0,1000,""disagg"",""vllm"",""SOL"",0]",paired,disagg_AA|p_tp=4|p_pp=1|p_dp=2|p_moe_tp=1|p_moe_ep=8|p_cp=1|p_bs=1|p_workers=7|d_tp=1|d_pp=1|d_dp=8|d_moe_tp=1|d_moe_ep=8|d_cp=1|d_bs=1|d_workers=1,disagg_AA|p_tp=8|p_pp=1|p_dp=1|p_moe_tp=1|p_moe_ep=8|p_cp=1|p_bs=1|p_workers=7|d_tp=1|d_pp=1|d_dp=8|d_moe_tp=1|d_moe_ep=8|d_cp=1|d_bs=1|d_workers=1,"{""ranking_metric_value"":{""absolute_delta"":1665.2821196472273,""deepseek_value"":3990.0071695441325,""polarity"":""higher_is_better"",""relative_delta"":0.4173631898103806,""status"":""computed"",""step4_value"":5655.28928919136},""request_latency"":{""absolute_delta"":184.62100000000004,""deepseek_value"":449.122,""polarity"":""lower_is_better"",""relative_delta"":0.4110709339555845,""status"":""computed"",""step4_value"":633.743},""tpot"":{""absolute_delta"":0.0,""deepseek_value"":0.0,""polarity"":""lower_is_better"",""relative_delta"":null,""status"":""zero_baseline_both_zero"",""step4_value"":0.0},""ttft"":{""absolute_delta"":184.62100000000004,""deepseek_value"":449.122,""polarity"":""lower_is_better"",""relative_delta"":0.4110709339555845,""status"":""computed"",""step4_value"":633.743}}"
"[""h200_sxm"",""primary"",16384,1,0,2000,""agg"",""vllm"",""SOL"",0]",paired,agg_patternA|tp=4|pp=1|dp=2|moe_tp=1|moe_ep=8|cp=1|bs=76|ctx_tokens=16384,agg_patternA|tp=8|pp=1|dp=1|moe_tp=1|moe_ep=8|cp=1|bs=117|ctx_tokens=16384,"{""ranking_metric_value"":{""absolute_delta"":-15139.67603304499,""deepseek_value"":256791.23016936288,""polarity"":""higher_is_better"",""relative_delta"":-0.05895713815094012,""status"":""computed"",""step4_value"":241651.5541363179},""request_latency"":{""absolute_delta"":355.0859580516957,""deepseek_value"":933.1159784622115,""polarity"":""lower_is_better"",""relative_delta"":0.3805378605099898,""status"":""computed"",""step4_value"":1288.2019365139072},""tpot"":{""absolute_delta"":196.5059644822922,""deepseek_value"":453.2003186516883,""polarity"":""lower_is_better"",""relative_delta"":0.43359626283343117,""status"":""computed"",""step4_value"":649.7062831339805},""ttft"":{""absolute_delta"":355.0859580516957,""deepseek_value"":933.1159784622115,""polarity"":""lower_is_better"",""relative_delta"":0.3805378605099898,""status"":""computed"",""step4_value"":1288.2019365139072}}"
"[""h200_sxm"",""primary"",16384,1,0,2000,""disagg"",""vllm"",""SOL"",0]",paired,disagg_AA|p_tp=1|p_pp=1|p_dp=8|p_moe_tp=1|p_moe_ep=8|p_cp=1|p_bs=1|p_workers=7|d_tp=1|d_pp=1|d_dp=8|d_moe_tp=1|d_moe_ep=8|d_cp=1|d_bs=1|d_workers=1,disagg_AA|p_tp=8|p_pp=1|p_dp=1|p_moe_tp=1|p_moe_ep=8|p_cp=1|p_bs=1|p_workers=7|d_tp=1|d_pp=1|d_dp=8|d_moe_tp=1|d_moe_ep=8|d_cp=1|d_bs=1|d_workers=1,"{""ranking_metric_value"":{""absolute_delta"":3619.1811801600666,""deepseek_value"":3990.0071695441325,""polarity"":""higher_is_better"",""relative_delta"":0.9070613225423267,""status"":""computed"",""step4_value"":7609.188349704199},""request_latency"":{""absolute_delta"":1434.916,""deepseek_value"":449.122,""polarity"":""lower_is_better"",""relative_delta"":3.19493589715044,""status"":""computed"",""step4_value"":1884.038},""tpot"":{""absolute_delta"":0.0,""deepseek_value"":0.0,""polarity"":""lower_is_better"",""relative_delta"":null,""status"":""zero_baseline_both_zero"",""step4_value"":0.0},""ttft"":{""absolute_delta"":1434.916,""deepseek_value"":449.122,""polarity"":""lower_is_better"",""relative_delta"":3.19493589715044,""status"":""computed"",""step4_value"":1884.038}}"
"[""h200_sxm"",""primary"",16384,1,0,500,""agg"",""vllm"",""SOL"",0]",paired,agg_patternA|tp=8|pp=1|dp=1|moe_tp=1|moe_ep=8|cp=1|bs=1|ctx_tokens=16384,agg_patternA|tp=8|pp=1|dp=1|moe_tp=1|moe_ep=8|cp=1|bs=1|ctx_tokens=16384,"{""ranking_metric_value"":{""absolute_delta"":483.6869693949466,""deepseek_value"":4113.0963240496785,""polarity"":""higher_is_better"",""relative_delta"":0.11759680087402313,""status"":""computed"",""step4_value"":4596.783293444625},""request_latency"":{""absolute_delta"":-52.392778344250814,""deepseek_value"":497.9217209247308,""polarity"":""lower_is_better"",""relative_delta"":-0.10522292188207404,""status"":""computed"",""step4_value"":445.52894258047996},""tpot"":{""absolute_delta"":0.0,""deepseek_value"":0.0,""polarity"":""lower_is_better"",""relative_delta"":null,""status"":""zero_baseline_both_zero"",""step4_value"":0.0},""ttft"":{""absolute_delta"":-52.392778344250814,""deepseek_value"":497.9217209247308,""polarity"":""lower_is_better"",""relative_delta"":-0.10522292188207404,""status"":""computed"",""step4_value"":445.52894258047996}}"
"[""h200_sxm"",""primary"",16384,1,0,500,""disagg"",""vllm"",""SOL"",0]",paired,disagg_AA|p_tp=8|p_pp=1|p_dp=1|p_moe_tp=1|p_moe_ep=8|p_cp=1|p_bs=1|p_workers=7|d_tp=1|d_pp=1|d_dp=8|d_moe_tp=1|d_moe_ep=8|d_cp=1|d_bs=1|d_workers=1,disagg_AA|p_tp=8|p_pp=1|p_dp=1|p_moe_tp=1|p_moe_ep=8|p_cp=1|p_bs=1|p_workers=7|d_tp=1|d_pp=1|d_dp=8|d_moe_tp=1|d_moe_ep=8|d_cp=1|d_bs=1|d_workers=1,"{""ranking_metric_value"":{""absolute_delta"":828.1167196927922,""deepseek_value"":3990.0071695441325,""polarity"":""higher_is_better"",""relative_delta"":0.20754767711041644,""status"":""computed"",""step4_value"":4818.123889236925},""request_latency"":{""absolute_delta"":-77.19300000000004,""deepseek_value"":449.122,""polarity"":""lower_is_better"",""relative_delta"":-0.17187534790101586,""status"":""computed"",""step4_value"":371.929},""tpot"":{""absolute_delta"":0.0,""deepseek_value"":0.0,""polarity"":""lower_is_better"",""relative_delta"":null,""status"":""zero_baseline_both_zero"",""step4_value"":0.0},""ttft"":{""absolute_delta"":-77.19300000000004,""deepseek_value"":449.122,""polarity"":""lower_is_better"",""relative_delta"":-0.17187534790101586,""status"":""computed"",""step4_value"":371.929}}"
"[""h200_sxm"",""primary"",16384,1,0,5000,""agg"",""vllm"",""SOL"",0]",paired,agg_patternA|tp=2|pp=1|dp=4|moe_tp=1|moe_ep=8|cp=1|bs=63|ctx_tokens=16384,agg_patternA|tp=8|pp=1|dp=1|moe_tp=1|moe_ep=8|cp=1|bs=117|ctx_tokens=16384,"{""ranking_metric_value"":{""absolute_delta"":-811.3289562329592,""deepseek_value"":256791.23016936288,""polarity"":""higher_is_better"",""relative_delta"":-0.0031594885685849125,""status"":""computed"",""step4_value"":255979.90121312992},""request_latency"":{""absolute_delta"":1083.0423119119077,""deepseek_value"":933.1159784622115,""polarity"":""lower_is_better"",""relative_delta"":1.160672774778519,""status"":""computed"",""step4_value"":2016.1582903741194},""tpot"":{""absolute_delta"":627.1628566779348,""deepseek_value"":453.2003186516883,""polarity"":""lower_is_better"",""relative_delta"":1.3838535209856,""status"":""computed"",""step4_value"":1080.3631753296231},""ttft"":{""absolute_delta"":1083.0423119119077,""deepseek_value"":933.1159784622115,""polarity"":""lower_is_better"",""relative_delta"":1.160672774778519,""status"":""computed"",""step4_value"":2016.1582903741194}}"
"[""h200_sxm"",""primary"",16384,1,0,5000,""disagg"",""vllm"",""SOL"",0]",paired,disagg_AA|p_tp=1|p_pp=1|p_dp=8|p_moe_tp=1|p_moe_ep=8|p_cp=1|p_bs=2|p_workers=7|d_tp=1|d_pp=1|d_dp=8|d_moe_tp=1|d_moe_ep=8|d_cp=1|d_bs=1|d_workers=1,disagg_AA|p_tp=8|p_pp=1|p_dp=1|p_moe_tp=1|p_moe_ep=8|p_cp=1|p_bs=1|p_workers=7|d_tp=1|d_pp=1|d_dp=8|d_moe_tp=1|d_moe_ep=8|d_cp=1|d_bs=1|d_workers=1,"{""ranking_metric_value"":{""absolute_delta"":3619.623450726223,""deepseek_value"":3990.0071695441325,""polarity"":""higher_is_better"",""relative_delta"":0.9071721670965752,""status"":""computed"",""step4_value"":7609.630620270355},""request_latency"":{""absolute_delta"":3318.735,""deepseek_value"":449.122,""polarity"":""lower_is_better"",""relative_delta"":7.389384176237192,""status"":""computed"",""step4_value"":3767.857},""tpot"":{""absolute_delta"":0.0,""deepseek_value"":0.0,""polarity"":""lower_is_better"",""relative_delta"":null,""status"":""zero_baseline_both_zero"",""step4_value"":0.0},""ttft"":{""absolute_delta"":3318.735,""deepseek_value"":449.122,""polarity"":""lower_is_better"",""relative_delta"":7.389384176237192,""status"":""computed"",""step4_value"":3767.857}}"
"[""h200_sxm"",""primary"",4096,1,0,1000,""agg"",""vllm"",""SOL"",0]",paired,agg_patternA|tp=1|pp=1|dp=8|moe_tp=1|moe_ep=8|cp=1|bs=259|ctx_tokens=4096,agg_patternA|tp=4|pp=1|dp=2|moe_tp=1|moe_ep=8|cp=1|bs=684|ctx_tokens=4096,"{""ranking_metric_value"":{""absolute_delta"":23899.399431633065,""deepseek_value"":1368381.9924646383,""polarity"":""higher_is_better"",""relative_delta"":0.01746544427158608,""status"":""computed"",""step4_value"":1392281.3918962714},""request_latency"":{""absolute_delta"":250.10384065451592,""deepseek_value"":511.85707197042063,""polarity"":""lower_is_better"",""relative_delta"":0.48862046526333625,""status"":""computed"",""step4_value"":761.9609126249366},""tpot"":{""absolute_delta"":100.25192032725795,""deepseek_value"":207.1285359852103,""polarity"":""lower_is_better"",""relative_delta"":0.4840082504827644,""status"":""computed"",""step4_value"":307.38045631246825},""ttft"":{""absolute_delta"":250.10384065451592,""deepseek_value"":511.85707197042063,""polarity"":""lower_is_better"",""relative_delta"":0.48862046526333625,""status"":""computed"",""step4_value"":761.9609126249366}}"
"[""h200_sxm"",""primary"",4096,1,0,1000,""disagg"",""vllm"",""SOL"",0]",paired,disagg_AA|p_tp=1|p_pp=1|p_dp=8|p_moe_tp=1|p_moe_ep=8|p_cp=1|p_bs=3|p_workers=7|d_tp=1|d_pp=1|d_dp=8|d_moe_tp=1|d_moe_ep=8|d_cp=1|d_bs=1|d_workers=1,disagg_AA|p_tp=2|p_pp=1|p_dp=4|p_moe_tp=1|p_moe_ep=8|p_cp=1|p_bs=1|p_workers=7|d_tp=1|d_pp=1|d_dp=8|d_moe_tp=1|d_moe_ep=8|d_cp=1|d_bs=1|d_workers=1,"{""ranking_metric_value"":{""absolute_delta"":6612.054621027295,""deepseek_value"":6222.200617358969,""polarity"":""higher_is_better"",""relative_delta"":1.062655325284867,""status"":""computed"",""step4_value"":12834.255238386264},""request_latency"":{""absolute_delta"":549.7570000000001,""deepseek_value"":288.001,""polarity"":""lower_is_better"",""relative_delta"":1.908871844194986,""status"":""computed"",""step4_value"":837.758},""tpot"":{""absolute_delta"":0.0,""deepseek_value"":0.0,""polarity"":""lower_is_better"",""relative_delta"":null,""status"":""zero_baseline_both_zero"",""step4_value"":0.0},""ttft"":{""absolute_delta"":549.7570000000001,""deepseek_value"":288.001,""polarity"":""lower_is_better"",""relative_delta"":1.908871844194986,""status"":""computed"",""step4_value"":837.758}}"
"[""h200_sxm"",""primary"",4096,1,0,200,""agg"",""vllm"",""SOL"",0]",paired,agg_patternA|tp=8|pp=1|dp=1|moe_tp=1|moe_ep=8|cp=1|bs=5|ctx_tokens=4096,agg_patternA|tp=8|pp=1|dp=1|moe_tp=1|moe_ep=8|cp=1|bs=4|ctx_tokens=4096,"{""ranking_metric_value"":{""absolute_delta"":2583.759729732039,""deepseek_value"":10415.139610309046,""polarity"":""higher_is_better"",""relative_delta"":0.24807730154424418,""status"":""computed"",""step4_value"":12998.899340041085},""request_latency"":{""absolute_delta"":0.3029246041823228,""deepseek_value"":196.63682644953332,""polarity"":""lower_is_better"",""relative_delta"":0.0015405283417756347,""status"":""computed"",""step4_value"":196.93975105371564},""tpot"":{""absolute_delta"":-29.471504961297057,""deepseek_value"":108.50946115962667,""polarity"":""lower_is_better"",""relative_delta"":-0.271603090148443,""status"":""computed"",""step4_value"":79.03795619832961},""ttft"":{""absolute_delta"":0.3029246041823228,""deepseek_value"":196.63682644953332,""polarity"":""lower_is_better"",""relative_delta"":0.0015405283417756347,""status"":""computed"",""step4_value"":196.93975105371564}}"
"[""h200_sxm"",""primary"",4096,1,0,200,""disagg"",""vllm"",""SOL"",0]",paired,disagg_AA|p_tp=2|p_pp=1|p_dp=4|p_moe_tp=1|p_moe_ep=8|p_cp=1|p_bs=1|p_workers=7|d_tp=1|d_pp=1|d_dp=8|d_moe_tp=1|d_moe_ep=8|d_cp=1|d_bs=1|d_workers=1,disagg_AA|p_tp=4|p_pp=1|p_dp=2|p_moe_tp=1|p_moe_ep=8|p_cp=1|p_bs=1|p_workers=7|d_tp=1|d_pp=1|d_dp=8|d_moe_tp=1|d_moe_ep=8|d_cp=1|d_bs=1|d_workers=1,"{""ranking_metric_value"":{""absolute_delta"":5436.875827061773,""deepseek_value"":5064.149663708811,""polarity"":""higher_is_better"",""relative_delta"":1.0736009375915618,""status"":""computed"",""step4_value"":10501.025490770584},""request_latency"":{""absolute_delta"":-6.280000000000001,""deepseek_value"":176.93,""polarity"":""lower_is_better"",""relative_delta"":-0.035494263267959084,""status"":""computed"",""step4_value"":170.65},""tpot"":{""absolute_delta"":0.0,""deepseek_value"":0.0,""polarity"":""lower_is_better"",""relative_delta"":null,""status"":""zero_baseline_both_zero"",""step4_value"":0.0},""ttft"":{""absolute_delta"":-6.280000000000001,""deepseek_value"":176.93,""polarity"":""lower_is_better"",""relative_delta"":-0.035494263267959084,""status"":""computed"",""step4_value"":170.65}}"
"[""h200_sxm"",""primary"",4096,1,0,2000,""agg"",""vllm"",""SOL"",0]",paired,agg_patternA|tp=1|pp=1|dp=8|moe_tp=1|moe_ep=8|cp=1|bs=259|ctx_tokens=4096,agg_patternA|tp=4|pp=1|dp=2|moe_tp=1|moe_ep=8|cp=1|bs=684|ctx_tokens=4096,"{""ranking_metric_value"":{""absolute_delta"":23899.399431633065,""deepseek_value"":1368381.9924646383,""polarity"":""higher_is_better"",""relative_delta"":0.01746544427158608,""status"":""computed"",""step4_value"":1392281.3918962714},""request_latency"":{""absolute_delta"":250.10384065451592,""deepseek_value"":511.85707197042063,""polarity"":""lower_is_better"",""relative_delta"":0.48862046526333625,""status"":""computed"",""step4_value"":761.9609126249366},""tpot"":{""absolute_delta"":100.25192032725795,""deepseek_value"":207.1285359852103,""polarity"":""lower_is_better"",""relative_delta"":0.4840082504827644,""status"":""computed"",""step4_value"":307.38045631246825},""ttft"":{""absolute_delta"":250.10384065451592,""deepseek_value"":511.85707197042063,""polarity"":""lower_is_better"",""relative_delta"":0.48862046526333625,""status"":""computed"",""step4_value"":761.9609126249366}}"
"[""h200_sxm"",""primary"",4096,1,0,2000,""disagg"",""vllm"",""SOL"",0]",paired,disagg_AA|p_tp=1|p_pp=1|p_dp=8|p_moe_tp=1|p_moe_ep=8|p_cp=1|p_bs=7|p_workers=7|d_tp=1|d_pp=1|d_dp=8|d_moe_tp=1|d_moe_ep=8|d_cp=1|d_bs=1|d_workers=1,disagg_AA|p_tp=2|p_pp=1|p_dp=4|p_moe_tp=1|p_moe_ep=8|p_cp=1|p_bs=1|p_workers=7|d_tp=1|d_pp=1|d_dp=8|d_moe_tp=1|d_moe_ep=8|d_cp=1|d_bs=1|d_workers=1,"{""ranking_metric_value"":{""absolute_delta"":6613.983012516062,""deepseek_value"":6222.200617358969,""polarity"":""higher_is_better"",""relative_delta"":1.062965246421673,""status"":""computed"",""step4_value"":12836.183629875031},""request_latency"":{""absolute_delta"":1666.474,""deepseek_value"":288.001,""polarity"":""lower_is_better"",""relative_delta"":5.786347964069569,""status"":""computed"",""step4_value"":1954.475},""tpot"":{""absolute_delta"":0.0,""deepseek_value"":0.0,""polarity"":""lower_is_better"",""relative_delta"":null,""status"":""zero_baseline_both_zero"",""step4_value"":0.0},""ttft"":{""absolute_delta"":1666.474,""deepseek_value"":288.001,""polarity"":""lower_is_better"",""relative_delta"":5.786347964069569,""status"":""computed"",""step4_value"":1954.475}}"
"[""h200_sxm"",""primary"",4096,1,0,500,""agg"",""vllm"",""SOL"",0]",paired,agg_patternA|tp=4|pp=1|dp=2|moe_tp=1|moe_ep=8|cp=1|bs=315|ctx_tokens=4096,agg_patternA|tp=8|pp=1|dp=1|moe_tp=1|moe_ep=8|cp=1|bs=834|ctx_tokens=4096,"{""ranking_metric_value"":{""absolute_delta"":-418918.98541297996,""deepseek_value"":1191767.725885426,""polarity"":""higher_is_better"",""relative_delta"":-0.351510597504848,""status"":""computed"",""step4_value"":772848.740472446},""request_latency"":{""absolute_delta"":59.066974983286116,""deepseek_value"":358.2980061678996,""polarity"":""lower_is_better"",""relative_delta"":0.16485432228614508,""status"":""computed"",""step4_value"":417.3649811511857},""tpot"":{""absolute_delta"":4.733487491643075,""deepseek_value"":130.34900308394978,""polarity"":""lower_is_better"",""relative_delta"":0.036313952386690114,""status"":""computed"",""step4_value"":135.08249057559286},""ttft"":{""absolute_delta"":59.066974983286116,""deepseek_value"":358.2980061678996,""polarity"":""lower_is_better"",""relative_delta"":0.16485432228614508,""status"":""computed"",""step4_value"":417.3649811511857}}"
"[""h200_sxm"",""primary"",4096,1,0,500,""disagg"",""vllm"",""SOL"",0]",paired,disagg_AA|p_tp=1|p_pp=1|p_dp=8|p_moe_tp=1|p_moe_ep=8|p_cp=1|p_bs=1|p_workers=7|d_tp=1|d_pp=1|d_dp=8|d_moe_tp=1|d_moe_ep=8|d_cp=1|d_bs=1|d_workers=1,disagg_AA|p_tp=2|p_pp=1|p_dp=4|p_moe_tp=1|p_moe_ep=8|p_cp=1|p_bs=1|p_workers=7|d_tp=1|d_pp=1|d_dp=8|d_moe_tp=1|d_moe_ep=8|d_cp=1|d_bs=1|d_workers=1,"{""ranking_metric_value"":{""absolute_delta"":6605.332766797739,""deepseek_value"":6222.200617358969,""polarity"":""higher_is_better"",""relative_delta"":1.0615750235326535,""status"":""computed"",""step4_value"":12827.533384156708},""request_latency"":{""absolute_delta"":-8.601999999999975,""deepseek_value"":288.001,""polarity"":""lower_is_better"",""relative_delta"":-0.029867951847389336,""status"":""computed"",""step4_value"":279.399},""tpot"":{""absolute_delta"":0.0,""deepseek_value"":0.0,""polarity"":""lower_is_better"",""relative_delta"":null,""status"":""zero_baseline_both_zero"",""step4_value"":0.0},""ttft"":{""absolute_delta"":-8.601999999999975,""deepseek_value"":288.001,""polarity"":""lower_is_better"",""relative_delta"":-0.029867951847389336,""status"":""computed"",""step4_value"":279.399}}"
"[""h200_sxm"",""primary"",4096,1,0,5000,""agg"",""vllm"",""SOL"",0]",paired,agg_patternA|tp=1|pp=1|dp=8|moe_tp=1|moe_ep=8|cp=1|bs=259|ctx_tokens=4096,agg_patternA|tp=4|pp=1|dp=2|moe_tp=1|moe_ep=8|cp=1|bs=684|ctx_tokens=4096,"{""ranking_metric_value"":{""absolute_delta"":23899.399431633065,""deepseek_value"":1368381.9924646383,""polarity"":""higher_is_better"",""relative_delta"":0.01746544427158608,""status"":""computed"",""step4_value"":1392281.3918962714},""request_latency"":{""absolute_delta"":250.10384065451592,""deepseek_value"":511.85707197042063,""polarity"":""lower_is_better"",""relative_delta"":0.48862046526333625,""status"":""computed"",""step4_value"":761.9609126249366},""tpot"":{""absolute_delta"":100.25192032725795,""deepseek_value"":207.1285359852103,""polarity"":""lower_is_better"",""relative_delta"":0.4840082504827644,""status"":""computed"",""step4_value"":307.38045631246825},""ttft"":{""absolute_delta"":250.10384065451592,""deepseek_value"":511.85707197042063,""polarity"":""lower_is_better"",""relative_delta"":0.48862046526333625,""status"":""computed"",""step4_value"":761.9609126249366}}"
"[""h200_sxm"",""primary"",4096,1,0,5000,""disagg"",""vllm"",""SOL"",0]",paired,disagg_AA|p_tp=1|p_pp=1|p_dp=8|p_moe_tp=1|p_moe_ep=8|p_cp=1|p_bs=17|p_workers=7|d_tp=1|d_pp=1|d_dp=8|d_moe_tp=1|d_moe_ep=8|d_cp=1|d_bs=1|d_workers=1,disagg_AA|p_tp=2|p_pp=1|p_dp=4|p_moe_tp=1|p_moe_ep=8|p_cp=1|p_bs=1|p_workers=7|d_tp=1|d_pp=1|d_dp=8|d_moe_tp=1|d_moe_ep=8|d_cp=1|d_bs=1|d_workers=1,"{""ranking_metric_value"":{""absolute_delta"":6614.829900717441,""deepseek_value"":6222.200617358969,""polarity"":""higher_is_better"",""relative_delta"":1.0631013539266314,""status"":""computed"",""step4_value"":12837.03051807641},""request_latency"":{""absolute_delta"":4458.268,""deepseek_value"":288.001,""polarity"":""lower_is_better"",""relative_delta"":15.480043472071278,""status"":""computed"",""step4_value"":4746.269},""tpot"":{""absolute_delta"":0.0,""deepseek_value"":0.0,""polarity"":""lower_is_better"",""relative_delta"":null,""status"":""zero_baseline_both_zero"",""step4_value"":0.0},""ttft"":{""absolute_delta"":4458.268,""deepseek_value"":288.001,""polarity"":""lower_is_better"",""relative_delta"":15.480043472071278,""status"":""computed"",""step4_value"":4746.269}}"
"[""h200_sxm"",""primary"",65536,1,0,5000,""agg"",""vllm"",""SOL"",0]",unpaired,agg_patternA|tp=8|pp=1|dp=1|moe_tp=1|moe_ep=8|cp=1|bs=10|ctx_tokens=65536,,{}
"[""h200_sxm"",""primary"",65536,1,0,5000,""disagg"",""vllm"",""SOL"",0]",unpaired,disagg_AA|p_tp=8|p_pp=1|p_dp=1|p_moe_tp=1|p_moe_ep=8|p_cp=1|p_bs=1|p_workers=7|d_tp=1|d_pp=1|d_dp=8|d_moe_tp=1|d_moe_ep=8|d_cp=1|d_bs=1|d_workers=1,,{}
"[""h800_sxm"",""decode_smoke"",4096,1024,0,1000,""agg"",""vllm"",""SOL"",0]",paired,agg_patternA|tp=8|pp=1|dp=2|moe_tp=1|moe_ep=16|cp=1|bs=143|ctx_tokens=4096,agg_patternA|tp=8|pp=1|dp=2|moe_tp=1|moe_ep=16|cp=1|bs=13|ctx_tokens=4096,"{""ranking_metric_value"":{""absolute_delta"":97.60245917610764,""deepseek_value"":90.89231278046095,""polarity"":""higher_is_better"",""relative_delta"":1.0738252354943834,""status"":""computed"",""step4_value"":188.4947719565686},""request_latency"":{""absolute_delta"":78721.81079676854,""deepseek_value"":18289.50049951154,""polarity"":""lower_is_better"",""relative_delta"":4.304207804847977,""status"":""computed"",""step4_value"":97011.31129628008},""tpot"":{""absolute_delta"":76.94821221792049,""deepseek_value"":16.905186326682674,""polarity"":""lower_is_better"",""relative_delta"":4.551751795628989,""status"":""computed"",""step4_value"":93.85339854460317},""ttft"":{""absolute_delta"":3.789697835866832,""deepseek_value"":995.4948873151652,""polarity"":""lower_is_better"",""relative_delta"":0.0038068481156016687,""status"":""computed"",""step4_value"":999.284585151032}}"
"[""h800_sxm"",""decode_smoke"",4096,1024,0,1000,""disagg"",""vllm"",""SOL"",0]",paired,disagg_AA|p_tp=4|p_pp=1|p_dp=2|p_moe_tp=1|p_moe_ep=8|p_cp=1|p_bs=4|p_workers=2|d_tp=1|d_pp=1|d_dp=16|d_moe_tp=1|d_moe_ep=16|d_cp=1|d_bs=80|d_workers=1,disagg_AA|p_tp=4|p_pp=1|p_dp=4|p_moe_tp=1|p_moe_ep=16|p_cp=1|p_bs=1|p_workers=3|d_tp=1|d_pp=1|d_dp=16|d_moe_tp=1|d_moe_ep=16|d_cp=1|d_bs=33|d_workers=1,"{""ranking_metric_value"":{""absolute_delta"":447.09120000000013,""deepseek_value"":184.03199999999998,""polarity"":""higher_is_better"",""relative_delta"":2.4294209702660416,""status"":""computed"",""step4_value"":631.1232000000001},""request_latency"":{""absolute_delta"":17052.30400000001,""deepseek_value"":42019.522999999994,""polarity"":""lower_is_better"",""relative_delta"":0.4058186000826333,""status"":""computed"",""step4_value"":59071.827000000005},""tpot"":{""absolute_delta"":16.873000000000005,""deepseek_value"":40.157,""polarity"":""lower_is_better"",""relative_delta"":0.42017580994596226,""status"":""computed"",""step4_value"":57.03},""ttft"":{""absolute_delta"":-208.7750000000001,""deepseek_value"":938.912,""polarity"":""lower_is_better"",""relative_delta"":-0.2223584318871205,""status"":""computed"",""step4_value"":730.137}}"
"[""h800_sxm"",""decode_smoke"",4096,1024,0,200,""disagg"",""vllm"",""SOL"",0]",unpaired,disagg_AA|p_tp=4|p_pp=1|p_dp=2|p_moe_tp=1|p_moe_ep=8|p_cp=1|p_bs=1|p_workers=2|d_tp=1|d_pp=1|d_dp=16|d_moe_tp=1|d_moe_ep=16|d_cp=1|d_bs=66|d_workers=1,,{}
"[""h800_sxm"",""decode_smoke"",4096,1024,0,2000,""agg"",""vllm"",""SOL"",0]",paired,agg_patternA|tp=2|pp=1|dp=8|moe_tp=1|moe_ep=16|cp=1|bs=35|ctx_tokens=4096,agg_patternA|tp=4|pp=1|dp=4|moe_tp=1|moe_ep=16|cp=1|bs=182|ctx_tokens=4096,"{""ranking_metric_value"":{""absolute_delta"":64.9749275797088,""deepseek_value"":204.47479049635606,""polarity"":""higher_is_better"",""relative_delta"":0.317764979350189,""status"":""computed"",""step4_value"":269.44971807606487},""request_latency"":{""absolute_delta"":-161198.3412766535,""deepseek_value"":227639.30891925527,""polarity"":""lower_is_better"",""relative_delta"":-0.708130515955095,""status"":""computed"",""step4_value"":66440.96764260178},""tpot"":{""absolute_delta"":-157.5735014015437,""deepseek_value"":220.56764825315125,""polarity"":""lower_is_better"",""relative_delta"":-0.7143998798078152,""status"":""computed"",""step4_value"":62.99414685160754},""ttft"":{""absolute_delta"":-0.649342874268541,""deepseek_value"":1998.6047562815402,""polarity"":""lower_is_better"",""relative_delta"":-0.0003248980931460713,""status"":""computed"",""step4_value"":1997.9554134072716}}"
"[""h800_sxm"",""decode_smoke"",4096,1024,0,2000,""disagg"",""vllm"",""SOL"",0]",paired,disagg_AA|p_tp=4|p_pp=1|p_dp=2|p_moe_tp=1|p_moe_ep=8|p_cp=1|p_bs=4|p_workers=2|d_tp=1|d_pp=1|d_dp=16|d_moe_tp=1|d_moe_ep=16|d_cp=1|d_bs=80|d_workers=1,disagg_AA|p_tp=4|p_pp=1|p_dp=4|p_moe_tp=1|p_moe_ep=16|p_cp=1|p_bs=2|p_workers=3|d_tp=1|d_pp=1|d_dp=16|d_moe_tp=1|d_moe_ep=16|d_cp=1|d_bs=33|d_workers=1,"{""ranking_metric_value"":{""absolute_delta"":447.0480000000001,""deepseek_value"":184.07520000000002,""polarity"":""higher_is_better"",""relative_delta"":2.4286161307987175,""status"":""computed"",""step4_value"":631.1232000000001},""request_latency"":{""absolute_delta"":16113.631000000008,""deepseek_value"":42958.195999999996,""polarity"":""lower_is_better"",""relative_delta"":0.37510027190154843,""status"":""computed"",""step4_value"":59071.827000000005},""tpot"":{""absolute_delta"":16.873000000000005,""deepseek_value"":40.157,""polarity"":""lower_is_better"",""relative_delta"":0.42017580994596226,""status"":""computed"",""step4_value"":57.03},""ttft"":{""absolute_delta"":-1147.448,""deepseek_value"":1877.585,""polarity"":""lower_is_better"",""relative_delta"":-0.6111297224892616,""status"":""computed"",""step4_value"":730.137}}"
"[""h800_sxm"",""decode_smoke"",4096,1024,0,500,""agg"",""vllm"",""SOL"",0]",unpaired,agg_patternA|tp=4|pp=1|dp=2|moe_tp=1|moe_ep=8|cp=1|bs=11|ctx_tokens=4096,,{}
"[""h800_sxm"",""decode_smoke"",4096,1024,0,500,""disagg"",""vllm"",""SOL"",0]",unpaired,disagg_AA|p_tp=4|p_pp=1|p_dp=2|p_moe_tp=1|p_moe_ep=8|p_cp=1|p_bs=2|p_workers=2|d_tp=1|d_pp=1|d_dp=16|d_moe_tp=1|d_moe_ep=16|d_cp=1|d_bs=80|d_workers=1,,{}
"[""h800_sxm"",""decode_smoke"",4096,1024,0,5000,""agg"",""vllm"",""SOL"",0]",paired,agg_patternA|tp=1|pp=1|dp=16|moe_tp=1|moe_ep=16|cp=1|bs=101|ctx_tokens=4096,agg_patternA|tp=4|pp=1|dp=4|moe_tp=1|moe_ep=16|cp=1|bs=250|ctx_tokens=4096,"{""ranking_metric_value"":{""absolute_delta"":172.97417645937543,""deepseek_value"":209.10215789861894,""polarity"":""higher_is_better"",""relative_delta"":0.8272232969649228,""status"":""computed"",""step4_value"":382.07633435799437},""request_latency"":{""absolute_delta"":-35346.57432365563,""deepseek_value"":305771.59338068357,""polarity"":""lower_is_better"",""relative_delta"":-0.11559796622326975,""status"":""computed"",""step4_value"":270425.01905702794},""tpot"":{""absolute_delta"":-36.260238769638306,""deepseek_value"":296.8554607708919,""polarity"":""lower_is_better"",""relative_delta"":-0.1221477909669425,""status"":""computed"",""step4_value"":260.5952220012536},""ttft"":{""absolute_delta"":1747.6499376843644,""deepseek_value"":2088.4570120611365,""polarity"":""lower_is_better"",""relative_delta"":0.836813938516061,""status"":""computed"",""step4_value"":3836.106949745501}}"
"[""h800_sxm"",""decode_smoke"",4096,1024,0,5000,""disagg"",""vllm"",""SOL"",0]",paired,disagg_AA|p_tp=4|p_pp=1|p_dp=2|p_moe_tp=1|p_moe_ep=8|p_cp=1|p_bs=4|p_workers=2|d_tp=1|d_pp=1|d_dp=16|d_moe_tp=1|d_moe_ep=16|d_cp=1|d_bs=80|d_workers=1,disagg_AA|p_tp=4|p_pp=1|p_dp=4|p_moe_tp=1|p_moe_ep=16|p_cp=1|p_bs=2|p_workers=3|d_tp=1|d_pp=1|d_dp=16|d_moe_tp=1|d_moe_ep=16|d_cp=1|d_bs=33|d_workers=1,"{""ranking_metric_value"":{""absolute_delta"":447.0480000000001,""deepseek_value"":184.07520000000002,""polarity"":""higher_is_better"",""relative_delta"":2.4286161307987175,""status"":""computed"",""step4_value"":631.1232000000001},""request_latency"":{""absolute_delta"":16113.631000000008,""deepseek_value"":42958.195999999996,""polarity"":""lower_is_better"",""relative_delta"":0.37510027190154843,""status"":""computed"",""step4_value"":59071.827000000005},""tpot"":{""absolute_delta"":16.873000000000005,""deepseek_value"":40.157,""polarity"":""lower_is_better"",""relative_delta"":0.42017580994596226,""status"":""computed"",""step4_value"":57.03},""ttft"":{""absolute_delta"":-1147.448,""deepseek_value"":1877.585,""polarity"":""lower_is_better"",""relative_delta"":-0.6111297224892616,""status"":""computed"",""step4_value"":730.137}}"
"[""h800_sxm"",""primary"",16384,1,0,1000,""agg"",""vllm"",""SOL"",0]",unpaired,agg_patternA|tp=8|pp=1|dp=1|moe_tp=1|moe_ep=8|cp=1|bs=3|ctx_tokens=16384,,{}
"[""h800_sxm"",""primary"",16384,1,0,1000,""disagg"",""vllm"",""SOL"",0]",unpaired,disagg_AA|p_tp=4|p_pp=1|p_dp=2|p_moe_tp=1|p_moe_ep=8|p_cp=1|p_bs=1|p_workers=7|d_tp=4|d_pp=1|d_dp=2|d_moe_tp=1|d_moe_ep=8|d_cp=1|d_bs=1|d_workers=1,,{}
"[""h800_sxm"",""primary"",16384,1,0,2000,""agg"",""vllm"",""SOL"",0]",unpaired,agg_patternA|tp=8|pp=1|dp=1|moe_tp=1|moe_ep=8|cp=1|bs=3|ctx_tokens=16384,,{}
"[""h800_sxm"",""primary"",16384,1,0,2000,""disagg"",""vllm"",""SOL"",0]",unpaired,disagg_AA|p_tp=4|p_pp=1|p_dp=2|p_moe_tp=1|p_moe_ep=8|p_cp=1|p_bs=1|p_workers=7|d_tp=4|d_pp=1|d_dp=2|d_moe_tp=1|d_moe_ep=8|d_cp=1|d_bs=1|d_workers=1,,{}
"[""h800_sxm"",""primary"",16384,1,0,5000,""agg"",""vllm"",""SOL"",0]",paired,agg_patternA|tp=8|pp=1|dp=4|moe_tp=1|moe_ep=32|cp=1|bs=65|ctx_tokens=16384,agg_patternA|tp=8|pp=1|dp=4|moe_tp=1|moe_ep=32|cp=1|bs=6|ctx_tokens=16384,"{""ranking_metric_value"":{""absolute_delta"":24193.93012482918,""deepseek_value"":2463.8152397109134,""polarity"":""higher_is_better"",""relative_delta"":9.819701467415197,""status"":""computed"",""step4_value"":26657.745364540093},""request_latency"":{""absolute_delta"":6.283666008187538,""deepseek_value"":4987.386960656103,""polarity"":""lower_is_better"",""relative_delta"":0.001259911464211092,""status"":""computed"",""step4_value"":4993.6706266642905},""tpot"":{""absolute_delta"":-945.2387771251456,""deepseek_value"":3720.613040672604,""polarity"":""lower_is_better"",""relative_delta"":-0.25405457831601524,""status"":""computed"",""step4_value"":2775.374263547458},""ttft"":{""absolute_delta"":6.283666008187538,""deepseek_value"":4987.386960656103,""polarity"":""lower_is_better"",""relative_delta"":0.001259911464211092,""status"":""computed"",""step4_value"":4993.6706266642905}}"
"[""h800_sxm"",""primary"",16384,1,0,5000,""disagg"",""vllm"",""SOL"",0]",paired,disagg_AA|p_tp=4|p_pp=1|p_dp=2|p_moe_tp=1|p_moe_ep=8|p_cp=1|p_bs=1|p_workers=7|d_tp=4|d_pp=1|d_dp=2|d_moe_tp=1|d_moe_ep=8|d_cp=1|d_bs=1|d_workers=1,disagg_AA|p_tp=8|p_pp=1|p_dp=4|p_moe_tp=1|p_moe_ep=32|p_cp=1|p_bs=1|p_workers=1|d_tp=1|d_pp=1|d_dp=16|d_moe_tp=1|d_moe_ep=16|d_cp=1|d_bs=1|d_workers=1,"{""ranking_metric_value"":{""absolute_delta"":3612.5666052560528,""deepseek_value"":275.411038872493,""polarity"":""higher_is_better"",""relative_delta"":13.117000030374825,""status"":""computed"",""step4_value"":3887.9776441285458},""request_latency"":{""absolute_delta"":-2796.263,""deepseek_value"":3718.079,""polarity"":""lower_is_better"",""relative_delta"":-0.7520719704987441,""status"":""computed"",""step4_value"":921.816},""tpot"":{""absolute_delta"":0.0,""deepseek_value"":0.0,""polarity"":""lower_is_better"",""relative_delta"":null,""status"":""zero_baseline_both_zero"",""step4_value"":0.0},""ttft"":{""absolute_delta"":-2796.263,""deepseek_value"":3718.079,""polarity"":""lower_is_better"",""relative_delta"":-0.7520719704987441,""status"":""computed"",""step4_value"":921.816}}"
"[""h800_sxm"",""primary"",4096,1,0,1000,""agg"",""vllm"",""SOL"",0]",paired,agg_patternA|tp=8|pp=1|dp=2|moe_tp=1|moe_ep=16|cp=1|bs=145|ctx_tokens=4096,agg_patternA|tp=8|pp=1|dp=2|moe_tp=1|moe_ep=16|cp=1|bs=10|ctx_tokens=4096,"{""ranking_metric_value"":{""absolute_delta"":68992.02055664276,""deepseek_value"":5318.748446563601,""polarity"":""higher_is_better"",""relative_delta"":12.971476513655752,""status"":""computed"",""step4_value"":74310.76900320637},""request_latency"":{""absolute_delta"":36.41518297254845,""deepseek_value"":962.6324785688989,""polarity"":""lower_is_better"",""relative_delta"":0.03782874958331472,""status"":""computed"",""step4_value"":999.0476615414474},""tpot"":{""absolute_delta"":-178.4792996082819,""deepseek_value"":631.3897842849537,""polarity"":""lower_is_better"",""relative_delta"":-0.2826768884301937,""status"":""computed"",""step4_value"":452.91048467667184},""ttft"":{""absolute_delta"":36.41518297254845,""deepseek_value"":962.6324785688989,""polarity"":""lower_is_better"",""relative_delta"":0.03782874958331472,""status"":""computed"",""step4_value"":999.0476615414474}}"
"[""h800_sxm"",""primary"",4096,1,0,1000,""disagg"",""vllm"",""SOL"",0]",paired,disagg_AA|p_tp=4|p_pp=1|p_dp=2|p_moe_tp=1|p_moe_ep=8|p_cp=1|p_bs=4|p_workers=7|d_tp=4|d_pp=1|d_dp=2|d_moe_tp=1|d_moe_ep=8|d_cp=1|d_bs=1|d_workers=1,disagg_AA|p_tp=4|p_pp=1|p_dp=4|p_moe_tp=1|p_moe_ep=16|p_cp=1|p_bs=1|p_workers=3|d_tp=1|d_pp=1|d_dp=16|d_moe_tp=1|d_moe_ep=16|d_cp=1|d_bs=1|d_workers=1,"{""ranking_metric_value"":{""absolute_delta"":4090.6997942705393,""deepseek_value"":817.9680310827852,""polarity"":""higher_is_better"",""relative_delta"":5.001050944320496,""status"":""computed"",""step4_value"":4908.667825353325},""request_latency"":{""absolute_delta"":-208.7750000000001,""deepseek_value"":938.912,""polarity"":""lower_is_better"",""relative_delta"":-0.2223584318871205,""status"":""computed"",""step4_value"":730.137},""tpot"":{""absolute_delta"":0.0,""deepseek_value"":0.0,""polarity"":""lower_is_better"",""relative_delta"":null,""status"":""zero_baseline_both_zero"",""step4_value"":0.0},""ttft"":{""absolute_delta"":-208.7750000000001,""deepseek_value"":938.912,""polarity"":""lower_is_better"",""relative_delta"":-0.2223584318871205,""status"":""computed"",""step4_value"":730.137}}"
"[""h800_sxm"",""primary"",4096,1,0,200,""disagg"",""vllm"",""SOL"",0]",unpaired,disagg_AA|p_tp=4|p_pp=1|p_dp=2|p_moe_tp=1|p_moe_ep=8|p_cp=1|p_bs=1|p_workers=7|d_tp=4|d_pp=1|d_dp=2|d_moe_tp=1|d_moe_ep=8|d_cp=1|d_bs=1|d_workers=1,,{}
"[""h800_sxm"",""primary"",4096,1,0,2000,""agg"",""vllm"",""SOL"",0]",paired,agg_patternA|tp=4|pp=1|dp=4|moe_tp=1|moe_ep=16|cp=1|bs=182|ctx_tokens=4096,agg_patternA|tp=8|pp=1|dp=2|moe_tp=1|moe_ep=16|cp=1|bs=422|ctx_tokens=4096,"{""ranking_metric_value"":{""absolute_delta"":-20937.99839722921,""deepseek_value"":145226.96848683534,""polarity"":""higher_is_better"",""relative_delta"":-0.14417431290750393,""status"":""computed"",""step4_value"":124288.97008960613},""request_latency"":{""absolute_delta"":11.705614287398475,""deepseek_value"":1487.767749001701,""polarity"":""lower_is_better"",""relative_delta"":0.00786790431184773,""status"":""computed"",""step4_value"":1499.4733632890996},""tpot"":{""absolute_delta"":4.8488672352173126,""deepseek_value"":695.0838745008506,""polarity"":""lower_is_better"",""relative_delta"":0.006975945512617958,""status"":""computed"",""step4_value"":699.9327417360679},""ttft"":{""absolute_delta"":11.705614287398475,""deepseek_value"":1487.767749001701,""polarity"":""lower_is_better"",""relative_delta"":0.00786790431184773,""status"":""computed"",""step4_value"":1499.4733632890996}}"
"[""h800_sxm"",""primary"",4096,1,0,2000,""disagg"",""vllm"",""SOL"",0]",paired,disagg_AA|p_tp=4|p_pp=1|p_dp=2|p_moe_tp=1|p_moe_ep=8|p_cp=1|p_bs=4|p_workers=7|d_tp=4|d_pp=1|d_dp=2|d_moe_tp=1|d_moe_ep=8|d_cp=1|d_bs=1|d_workers=1,disagg_AA|p_tp=4|p_pp=1|p_dp=4|p_moe_tp=1|p_moe_ep=16|p_cp=1|p_bs=2|p_workers=3|d_tp=1|d_pp=1|d_dp=16|d_moe_tp=1|d_moe_ep=16|d_cp=1|d_bs=1|d_workers=1,"{""ranking_metric_value"":{""absolute_delta"":4090.5956741591044,""deepseek_value"":818.0721511942202,""polarity"":""higher_is_better"",""relative_delta"":5.000287160720067,""status"":""computed"",""step4_value"":4908.667825353325},""request_latency"":{""absolute_delta"":-1147.448,""deepseek_value"":1877.585,""polarity"":""lower_is_better"",""relative_delta"":-0.6111297224892616,""status"":""computed"",""step4_value"":730.137},""tpot"":{""absolute_delta"":0.0,""deepseek_value"":0.0,""polarity"":""lower_is_better"",""relative_delta"":null,""status"":""zero_baseline_both_zero"",""step4_value"":0.0},""ttft"":{""absolute_delta"":-1147.448,""deepseek_value"":1877.585,""polarity"":""lower_is_better"",""relative_delta"":-0.6111297224892616,""status"":""computed"",""step4_value"":730.137}}"
"[""h800_sxm"",""primary"",4096,1,0,500,""agg"",""vllm"",""SOL"",0]",unpaired,agg_patternA|tp=4|pp=1|dp=2|moe_tp=1|moe_ep=8|cp=1|bs=10|ctx_tokens=4096,,{}
"[""h800_sxm"",""primary"",4096,1,0,500,""disagg"",""vllm"",""SOL"",0]",unpaired,disagg_AA|p_tp=4|p_pp=1|p_dp=2|p_moe_tp=1|p_moe_ep=8|p_cp=1|p_bs=2|p_workers=7|d_tp=4|d_pp=1|d_dp=2|d_moe_tp=1|d_moe_ep=8|d_cp=1|d_bs=1|d_workers=1,,{}
"[""h800_sxm"",""primary"",4096,1,0,5000,""agg"",""vllm"",""SOL"",0]",paired,agg_patternA|tp=2|pp=1|dp=8|moe_tp=1|moe_ep=16|cp=1|bs=163|ctx_tokens=4096,agg_patternA|tp=4|pp=1|dp=8|moe_tp=1|moe_ep=32|cp=1|bs=851|ctx_tokens=4096,"{""ranking_metric_value"":{""absolute_delta"":-92783.97090202122,""deepseek_value"":230896.1272202227,""polarity"":""higher_is_better"",""relative_delta"":-0.40184290667433453,""status"":""computed"",""step4_value"":138112.15631820148},""request_latency"":{""absolute_delta"":-1357.0452586549363,""deepseek_value"":3774.0953496758243,""polarity"":""lower_is_better"",""relative_delta"":-0.359568355572018,""status"":""computed"",""step4_value"":2417.050091020888},""tpot"":{""absolute_delta"":-652.0429187782529,""deepseek_value"":1838.2476748379122,""polarity"":""lower_is_better"",""relative_delta"":-0.35470895881086695,""status"":""computed"",""step4_value"":1186.2047560596593},""ttft"":{""absolute_delta"":-1357.0452586549363,""deepseek_value"":3774.0953496758243,""polarity"":""lower_is_better"",""relative_delta"":-0.359568355572018,""status"":""computed"",""step4_value"":2417.050091020888}}"
"[""h800_sxm"",""primary"",4096,1,0,5000,""disagg"",""vllm"",""SOL"",0]",paired,disagg_AA|p_tp=4|p_pp=1|p_dp=2|p_moe_tp=1|p_moe_ep=8|p_cp=1|p_bs=4|p_workers=7|d_tp=4|d_pp=1|d_dp=2|d_moe_tp=1|d_moe_ep=8|d_cp=1|d_bs=1|d_workers=1,disagg_AA|p_tp=4|p_pp=1|p_dp=4|p_moe_tp=1|p_moe_ep=16|p_cp=1|p_bs=2|p_workers=3|d_tp=1|d_pp=1|d_dp=16|d_moe_tp=1|d_moe_ep=16|d_cp=1|d_bs=1|d_workers=1,"{""ranking_metric_value"":{""absolute_delta"":4090.5956741591044,""deepseek_value"":818.0721511942202,""polarity"":""higher_is_better"",""relative_delta"":5.000287160720067,""status"":""computed"",""step4_value"":4908.667825353325},""request_latency"":{""absolute_delta"":-1147.448,""deepseek_value"":1877.585,""polarity"":""lower_is_better"",""relative_delta"":-0.6111297224892616,""status"":""computed"",""step4_value"":730.137},""tpot"":{""absolute_delta"":0.0,""deepseek_value"":0.0,""polarity"":""lower_is_better"",""relative_delta"":null,""status"":""zero_baseline_both_zero"",""step4_value"":0.0},""ttft"":{""absolute_delta"":-1147.448,""deepseek_value"":1877.585,""polarity"":""lower_is_better"",""relative_delta"":-0.6111297224892616,""status"":""computed"",""step4_value"":730.137}}"
